codon,aa,position,missense_codons,missense_aa,iupac_codon,sele_codons,syn_iupac_codon,syn_bool
AAA,K,0,CAA GAA TAA,*QE,BAA,CAA GAA TAA,BAA,FALSE
AAA,K,1,ACA AGA ATA,TRI,ABA,ACA AGA ATA,ABA,FALSE
AAA,K,2,AAC AAT,N,AAY,AAT,AAK,TRUE
AAC,N,0,CAC GAC TAC,HDY,BAC,CAC GAC TAC,BAC,FALSE
AAC,N,1,ACC AGC ATC,TSI,ABC,ACC AGC ATC,ABC,FALSE
AAC,N,2,AAA AAG,K,AAR,AAA,AAW,TRUE
AAG,K,0,CAG GAG TAG,*QE,BAG,CAG GAG TAG,BAG,FALSE
AAG,K,1,ACG AGG ATG,TRM,ABG,ACG AGG ATG,ABG,FALSE
AAG,K,2,AAC AAT,N,AAY,AAT,AAW,TRUE
AAT,N,0,CAT GAT TAT,HDY,BAT,CAT GAT TAT,BAT,FALSE
AAT,N,1,ACT AGT ATT,TSI,ABT,ACT AGT ATT,ABT,FALSE
AAT,N,2,AAA AAG,K,AAR,AAA,AAM,TRUE
ACA,T,0,CCA GCA TCA,SAP,BCA,CCA GCA TCA,BCA,FALSE
ACA,T,1,AAA AGA ATA,RIK,ADA,AAA AGA ATA,ADA,FALSE
ACA,T,2,,,ACA,,ACT,TRUE
ACC,T,0,CCC GCC TCC,SAP,BCC,CCC GCC TCC,BCC,FALSE
ACC,T,1,AAC AGC ATC,NSI,ADC,AAC ATC,ADC,FALSE
ACC,T,2,,,ACC,,ACT,TRUE
ACG,T,0,CCG GCG TCG,SAP,BCG,CCG GCG TCG,BCG,FALSE
ACG,T,1,AAG AGG ATG,RMK,ADG,AAG AGG ATG,ADG,FALSE
ACG,T,2,,,ACG,,ACT,TRUE
ACT,T,0,CCT GCT TCT,SAP,BCT,CCT GCT TCT,BCT,FALSE
ACT,T,1,AAT AGT ATT,NSI,ADT,AAT ATT,ADT,FALSE
ACT,T,2,,,ACT,,ACA,TRUE
AGA,R,0,GGA TGA,*G,KGA,GGA TGA,KGA,FALSE
AGA,R,1,AAA ACA ATA,TIK,AHA,AAA ACA ATA,AHA,FALSE
AGA,R,2,AGC AGT,S,AGY,AGT,AGK,TRUE
AGC,S,0,CGC GGC TGC,RCG,BGC,GGC TGC,BGC,FALSE
AGC,S,1,AAC ACC ATC,NTI,AHC,AAC ACC ATC,AHC,FALSE
AGC,S,2,AGA AGG,R,AGR,AGA,AGW,TRUE
AGG,R,0,GGG TGG,WG,KGG,GGG TGG,KGG,FALSE
AGG,R,1,AAG ACG ATG,TMK,AHG,AAG ACG ATG,AHG,FALSE
AGG,R,2,AGC AGT,S,AGY,AGT,AGW,TRUE
AGT,S,0,CGT GGT TGT,RCG,BGT,GGT TGT,BGT,FALSE
AGT,S,1,AAT ACT ATT,NTI,AHT,AAT ACT ATT,AHT,FALSE
AGT,S,2,AGA AGG,R,AGR,AGA,AGM,TRUE
ATA,I,0,CTA GTA TTA,LV,BTA,TTA GTA,BTA,FALSE
ATA,I,1,AAA ACA AGA,TRK,AVA,AAA ACA AGA,AVA,FALSE
ATA,I,2,ATG,M,ATG,ATG,ATK,TRUE
ATC,I,0,CTC GTC TTC,LFV,BTC,CTC GTC TTC,BTC,FALSE
ATC,I,1,AAC ACC AGC,NST,AVC,AAC ACC AGC,AVC,FALSE
ATC,I,2,ATG,M,ATG,ATG,ATK,TRUE
ATG,M,0,CTG GTG TTG,LV,BTG,TTA GTA,BTG,FALSE
ATG,M,1,AAG ACG AGG,TRK,AVG,AAG ACG AGG,AVG,FALSE
ATG,M,2,ATA ATC ATT,I,ATH,ATT,ATK,TRUE
ATT,I,0,CTT GTT TTT,LFV,BTT,CTT GTT TTT,BTT,FALSE
ATT,I,1,AAT ACT AGT,NST,AVT,AAT ACT AGT,AVT,FALSE
ATT,I,2,ATG,M,ATG,ATG,ATR,TRUE
CAA,Q,0,AAA GAA TAA,*EK,DAA,AAA GAA TAA,DAA,FALSE
CAA,Q,1,CCA CGA CTA,RLP,CBA,CCA CGA CTA,CBA,FALSE
CAA,Q,2,CAC CAT,H,CAY,CAT,CAK,TRUE
CAC,H,0,AAC GAC TAC,NDY,DAC,AAC GAC TAC,DAC,FALSE
CAC,H,1,CCC CGC CTC,RLP,CBC,CCC CGC CTC,CBC,FALSE
CAC,H,2,CAA CAG,Q,CAR,CAA,CAW,TRUE
CAG,Q,0,AAG GAG TAG,*EK,DAG,AAG GAG TAG,DAG,FALSE
CAG,Q,1,CCG CGG CTG,RLP,CBG,CCG CGG CTG,CBG,FALSE
CAG,Q,2,CAC CAT,H,CAY,CAT,CAW,TRUE
CAT,H,0,AAT GAT TAT,NDY,DAT,AAT GAT TAT,DAT,FALSE
CAT,H,1,CCT CGT CTT,RLP,CBT,CCT CGT CTT,CBT,FALSE
CAT,H,2,CAA CAG,Q,CAR,CAA,CAM,TRUE
CCA,P,0,ACA GCA TCA,TSA,DCA,ACA GCA TCA,DCA,FALSE
CCA,P,1,CAA CGA CTA,RQL,CDA,CAA CGA CTA,CDA,FALSE
CCA,P,2,,,CCA,,CCT,TRUE
CCC,P,0,ACC GCC TCC,TSA,DCC,ACC GCC TCC,DCC,FALSE
CCC,P,1,CAC CGC CTC,RHL,CDC,CAC CGC CTC,CDC,FALSE
CCC,P,2,,,CCC,,CCA,TRUE
CCG,P,0,ACG GCG TCG,TSA,DCG,ACG GCG TCG,DCG,FALSE
CCG,P,1,CAG CGG CTG,RQL,CDG,CAG CGG CTG,CDG,FALSE
CCG,P,2,,,CCG,,CCA,TRUE
CCT,P,0,ACT GCT TCT,TSA,DCT,ACT GCT TCT,DCT,FALSE
CCT,P,1,CAT CGT CTT,RHL,CDT,CAT CGT CTT,CDT,FALSE
CCT,P,2,,,CCT,,CCA,TRUE
CGA,R,0,GGA TGA,*G,KGA,GGA TGA,DGA,TRUE
CGA,R,1,CAA CCA CTA,LQP,CHA,CAA CCA CTA,CHA,FALSE
CGA,R,2,,,CGA,,CGA,FALSE
CGC,R,0,AGC GGC TGC,SCG,DGC,AGC GGC TGC,DGC,FALSE
CGC,R,1,CAC CCC CTC,LHP,CHC,CAC CCC CTC,CHC,FALSE
CGC,R,2,,,CGC,,CGT,TRUE
CGG,R,0,GGG TGG,WG,KGG,GGG TGG,DGG,TRUE
CGG,R,1,CAG CCG CTG,LQP,CHG,CAG CCG CTG,CHG,FALSE
CGG,R,2,,,CGG,,CGG,FALSE
CGT,R,0,AGT GGT TGT,SCG,DGT,AGT GGT TGT,DGT,FALSE
CGT,R,1,CAT CCT CTT,LHP,CHT,CAT CCT CTT,CHT,FALSE
CGT,R,2,,,CGT,,CGA,TRUE
CTA,L,0,ATA GTA,IV,RTA,ATA GTA,DTA,TRUE
CTA,L,1,CAA CCA CGA,RQP,CVA,CAA CCA CGA,CVA,FALSE
CTA,L,2,,,CTA,,CTA,FALSE
CTC,L,0,ATC GTC TTC,FIV,DTC,ATC GTC TTC,DTC,FALSE
CTC,L,1,CAC CCC CGC,RHP,CVC,CAC CCC CGC,CVC,FALSE
CTC,L,2,,,CTC,,CTA,TRUE
CTG,L,0,ATG GTG,VM,RTG,ATG GTG,DTG,TRUE
CTG,L,1,CAG CCG CGG,RQP,CVG,CAG CCG CGG,CVG,FALSE
CTG,L,2,,,CTG,,CTG,FALSE
CTT,L,0,ATT GTT TTT,FIV,DTT,ATT GTT TTT,DTT,FALSE
CTT,L,1,CAT CCT CGT,RHP,CVT,CAT CCT CGT,CVT,FALSE
CTT,L,2,,,CTT,,CTA,TRUE
GAA,E,0,AAA CAA TAA,*QK,HAA,AAA CAA TAA,HAA,FALSE
GAA,E,1,GCA GGA GTA,VAG,GBA,GCA GGA GTA,GBA,FALSE
GAA,E,2,GAC GAT,D,GAY,GAT,GAK,TRUE
GAC,D,0,AAC CAC TAC,NHY,HAC,AAC CAC TAC,HAC,FALSE
GAC,D,1,GCC GGC GTC,VAG,GBC,GCC GGC GTC,GBC,FALSE
GAC,D,2,GAA GAG,E,GAR,GAA,GAW,TRUE
GAG,E,0,AAG CAG TAG,*QK,HAG,AAG CAG TAG,HAG,FALSE
GAG,E,1,GCG GGG GTG,VAG,GBG,GCG GGG GTG,GBG,FALSE
GAG,E,2,GAC GAT,D,GAY,GAT,GAW,TRUE
GAT,D,0,AAT CAT TAT,NHY,HAT,AAT CAT TAT,HAT,FALSE
GAT,D,1,GCT GGT GTT,VAG,GBT,GCT GGT GTT,GBT,FALSE
GAT,D,2,GAA GAG,E,GAR,GAA,GAM,TRUE
GCA,A,0,ACA CCA TCA,TSP,HCA,ACA CCA TCA,HCA,FALSE
GCA,A,1,GAA GGA GTA,GVE,GDA,GAA GGA GTA,GDA,FALSE
GCA,A,2,,,GCA,,GCT,TRUE
GCC,A,0,ACC CCC TCC,TSP,HCC,ACC CCC TCC,HCC,FALSE
GCC,A,1,GAC GGC GTC,VDG,GDC,GAC GGC GTC,GDC,FALSE
GCC,A,2,,,GCC,,GCT,TRUE
GCG,A,0,ACG CCG TCG,TSP,HCG,ACG CCG TCG,HCG,FALSE
GCG,A,1,GAG GGG GTG,GVE,GDG,GAG GGG GTG,GDG,FALSE
GCG,A,2,,,GCG,,GCT,TRUE
GCT,A,0,ACT CCT TCT,TSP,HCT,ACT CCT TCT,HCT,FALSE
GCT,A,1,GAT GGT GTT,VDG,GDT,GAT GGT GTT,GDT,FALSE
GCT,A,2,,,GCT,,GCA,TRUE
GGA,G,0,AGA CGA TGA,R*,HGA,AGA TGA,HGA,FALSE
GGA,G,1,GAA GCA GTA,VAE,GHA,GAA GCA GTA,GHA,FALSE
GGA,G,2,,,GGA,,GGT,TRUE
GGC,G,0,AGC CGC TGC,RSC,HGC,AGC CGC TGC,HGC,FALSE
GGC,G,1,GAC GCC GTC,ADV,GHC,GAC GCC GTC,GHC,FALSE
GGC,G,2,,,GGC,,GGT,TRUE
GGG,G,0,AGG CGG TGG,RW,HGG,AGG TGG,HGG,FALSE
GGG,G,1,GAG GCG GTG,VAE,GHG,GAG GCG GTG,GHG,FALSE
GGG,G,2,,,GGG,,GGT,TRUE
GGT,G,0,AGT CGT TGT,RSC,HGT,AGT CGT TGT,HGT,FALSE
GGT,G,1,GAT GCT GTT,ADV,GHT,GAT GCT GTT,GHT,FALSE
GGT,G,2,,,GGT,,GGA,TRUE
GTA,V,0,ATA CTA TTA,LI,HTA,ATA TTA,HTA,FALSE
GTA,V,1,GAA GCA GGA,GAE,GVA,GAA GCA GGA,GVA,FALSE
GTA,V,2,,,GTA,,GTT,TRUE
GTC,V,0,ATC CTC TTC,LFI,HTC,ATC CTC TTC,HTC,FALSE
GTC,V,1,GAC GCC GGC,ADG,GVC,GAC GCC GGC,GVC,FALSE
GTC,V,2,,,GTC,,GTT,TRUE
GTG,V,0,ATG CTG TTG,LM,HTG,ATG TTG,HTG,FALSE
GTG,V,1,GAG GCG GGG,GAE,GVG,GAG GCG GGG,GVG,FALSE
GTG,V,2,,,GTG,,GTT,TRUE
GTT,V,0,ATT CTT TTT,LFI,HTT,ATT CTT TTT,HTT,FALSE
GTT,V,1,GAT GCT GGT,ADG,GVT,GAT GCT GGT,GVT,FALSE
GTT,V,2,,,GTT,,GTA,TRUE
TAA,*,0,AAA CAA GAA,QEK,VAA,AAA CAA GAA,VAA,FALSE
TAA,*,1,TCA TTA,LS,TYA,TCA TTA,TYA,FALSE
TAA,*,2,TAC TAT,Y,TAY,TAT,TAK,TRUE
TAC,Y,0,AAC CAC GAC,NHD,VAC,AAC CAC GAC,VAC,FALSE
TAC,Y,1,TCC TGC TTC,SFC,TBC,TCC TGC TTC,TBC,FALSE
TAC,Y,2,TAA TAG,*,TAR,TAA,TAW,TRUE
TAG,*,0,AAG CAG GAG,QEK,VAG,AAG CAG GAG,VAG,FALSE
TAG,*,1,TCG TGG TTG,LSW,TBG,TCG TGG TTG,TBG,FALSE
TAG,*,2,TAC TAT,Y,TAY,TAT,TAW,TRUE
TAT,Y,0,AAT CAT GAT,NHD,VAT,AAT CAT GAT,VAT,FALSE
TAT,Y,1,TCT TGT TTT,SFC,TBT,TCT TGT TTT,TBT,FALSE
TAT,Y,2,TAA TAG,*,TAR,TAA,TAM,TRUE
TCA,S,0,ACA CCA GCA,TAP,VCA,ACA CCA GCA,VCA,FALSE
TCA,S,1,TAA TGA TTA,L*,TDA,TAA TTA,TDA,FALSE
TCA,S,2,,,TCA,,TCT,TRUE
TCC,S,0,ACC CCC GCC,TAP,VCC,ACC CCC GCC,VCC,FALSE
TCC,S,1,TAC TGC TTC,FCY,TDC,TAC TGC TTC,TDC,FALSE
TCC,S,2,,,TCC,,TCT,TRUE
TCG,S,0,ACG CCG GCG,TAP,VCG,ACG CCG GCG,VCG,FALSE
TCG,S,1,TAG TGG TTG,L*W,TDG,TAG TGG TTG,TDG,FALSE
TCG,S,2,,,TCG,,TCT,TRUE
TCT,S,0,ACT CCT GCT,TAP,VCT,ACT CCT GCT,VCT,FALSE
TCT,S,1,TAT TGT TTT,FCY,TDT,TAT TGT TTT,TDT,FALSE
TCT,S,2,,,TCT,,TCA,TRUE
TGA,*,0,AGA CGA GGA,RG,VGA,AGA GGA,VGA,FALSE
TGA,*,1,TCA TTA,LS,TYA,TCA TTA,THA,TRUE
TGA,*,2,TGC TGG TGT,CW,TGB,TGT TGG,TGB,FALSE
TGC,C,0,AGC CGC GGC,RSG,VGC,CGC GGC,VGC,FALSE
TGC,C,1,TAC TCC TTC,SFY,THC,TAC TCC TTC,THC,FALSE
TGC,C,2,TGA TGG,*W,TGR,TGA TGG,TGD,TRUE
TGG,W,0,AGG CGG GGG,RG,VGG,AGG GGG,VGG,FALSE
TGG,W,1,TAG TCG TTG,L*S,THG,TAG TCG TTG,THG,FALSE
TGG,W,2,TGA TGC TGT,*C,TGH,TGC TGT,TGB,TRUE
TGT,C,0,AGT CGT GGT,RSG,VGT,CGT GGT,VGT,FALSE
TGT,C,1,TAT TCT TTT,SFY,THT,TAT TCT TTT,THT,FALSE
TGT,C,2,TGA TGG,*W,TGR,TGA TGG,TGV,TRUE
TTA,L,0,ATA GTA,IV,RTA,ATA GTA,RTA,FALSE
TTA,L,1,TAA TCA TGA,*S,TVA,TAA TCA,TVA,FALSE
TTA,L,2,TTC TTT,F,TTY,TTT,TTK,TRUE
TTC,F,0,ATC CTC GTC,LIV,VTC,ATC GTC,VTC,FALSE
TTC,F,1,TAC TCC TGC,SCY,TVC,TAC TCC TGC,TVC,FALSE
TTC,F,2,TTA TTG,L,TTR,TTG,TTK,TRUE
TTG,L,0,ATG GTG,VM,RTG,ATG GTG,RTG,FALSE
TTG,L,1,TAG TCG TGG,*SW,TVG,TAG TCG TGG,TVG,FALSE
TTG,L,2,TTC TTT,F,TTY,TTT,TTW,TRUE
TTT,F,0,ATT CTT GTT,LIV,VTT,ATT GTT,VTT,FALSE
TTT,F,1,TAT TCT TGT,SCY,TVT,TAT TCT TGT,TVT,FALSE
TTT,F,2,TTA TTG,L,TTR,TTG,TTS,TRUE