codon,aa,position,all_missense_aa,all_missense_nucleotides,all_missense_codons,all_iupac,all_iupac_codon,sele_missense_codons,syn_iupac_codon,syn_codon,sele_missense_nucleotides,sele_iupac,sele_iupac_codon,sele_aa,syn_aa,syn_missense_codons
AAA,K,0,*QE,CGT,CAA GAA TAA,B,BAA,CAA GAA TAA,BAA,,CGT,B,BAA,*QE,*QE,CAA GAA TAA
AAA,K,1,TRI,CGT,ACA AGA ATA,B,ABA,ACA AGA ATA,ABA,,CGT,B,ABA,RTI,RTI,ACA AGA ATA
AAA,K,2,N,CT,AAC AAT,Y,AAY,AAT,AAK,AAG,T,T,AAT,KN,KN,AAG AAT
AAC,N,0,HDY,CGT,CAC GAC TAC,B,BAC,CAC GAC TAC,BAC,,CGT,B,BAC,DYH,DYH,CAC GAC TAC
AAC,N,1,TSI,CGT,ACC AGC ATC,B,ABC,ACC AGC ATC,ABC,,CGT,B,ABC,STI,STI,ACC AGC ATC
AAC,N,2,K,AG,AAA AAG,R,AAR,AAA,AAW,AAT,A,A,AAA,KN,KN,AAA AAT
AAG,K,0,*QE,CGT,CAG GAG TAG,B,BAG,CAG GAG TAG,BAG,,CGT,B,BAG,*QE,*QE,CAG GAG TAG
AAG,K,1,TRM,CGT,ACG AGG ATG,B,ABG,ACG AGG ATG,ABG,,CGT,B,ABG,RTM,RTM,ACG AGG ATG
AAG,K,2,N,CT,AAC AAT,Y,AAY,AAT,AAW,AAA,T,T,AAT,KN,KN,AAA AAT
AAT,N,0,HDY,CGT,CAT GAT TAT,B,BAT,CAT GAT TAT,BAT,,CGT,B,BAT,DYH,DYH,CAT GAT TAT
AAT,N,1,TSI,CGT,ACT AGT ATT,B,ABT,ACT AGT ATT,ABT,,CGT,B,ABT,STI,STI,ACT AGT ATT
AAT,N,2,K,AG,AAA AAG,R,AAR,AAA,AAM,AAC,A,A,AAA,KN,KN,AAA AAC
ACA,T,0,SAP,CGT,CCA GCA TCA,B,BCA,CCA GCA TCA,BCA,,CGT,B,BCA,ASP,ASP,CCA GCA TCA
ACA,T,1,RIK,AGT,AAA AGA ATA,D,ADA,AAA AGA ATA,ADA,,AGT,D,ADA,KRI,KRI,AAA AGA ATA
ACA,T,2,,,,A,ACA,,ACT,,,,,T,T,ACT
ACC,T,0,SAP,CGT,CCC GCC TCC,B,BCC,CCC GCC TCC,BCC,,CGT,B,BCC,ASP,ASP,CCC GCC TCC
ACC,T,1,NSI,AGT,AAC AGC ATC,D,ADC,AAC ATC,ADC,,AT,W,AWC,NSI,NSI,AAC AGC ATC
ACC,T,2,,,,C,ACC,,ACT,,,,,T,T,ACT
ACG,T,0,SAP,CGT,CCG GCG TCG,B,BCG,CCG GCG TCG,BCG,,CGT,B,BCG,ASP,ASP,CCG GCG TCG
ACG,T,1,RMK,AGT,AAG AGG ATG,D,ADG,AAG AGG ATG,ADG,,AGT,D,ADG,KMR,KMR,AAG AGG ATG
ACG,T,2,,,,G,ACG,,ACT,,,,,T,T,ACT
ACT,T,0,SAP,CGT,CCT GCT TCT,B,BCT,CCT GCT TCT,BCT,,CGT,B,BCT,ASP,ASP,CCT GCT TCT
ACT,T,1,NSI,AGT,AAT AGT ATT,D,ADT,AAT ATT,ADT,,AT,W,AWT,NSI,NSI,AAT AGT ATT
ACT,T,2,,,,T,ACT,,ACA,,,,,T,T,ACA
AGA,R,0,*G,GT,GGA TGA,K,KGA,GGA TGA,KGA,,GT,K,KGA,*G,*G,GGA TGA
AGA,R,1,TIK,ACT,AAA ACA ATA,H,AHA,AAA ACA ATA,AHA,,ACT,H,AHA,KTI,KTI,AAA ACA ATA
AGA,R,2,S,CT,AGC AGT,Y,AGY,AGT,AGK,AGG,T,T,AGT,RS,RS,AGG AGT
AGC,S,0,RCG,CGT,CGC GGC TGC,B,BGC,GGC TGC,BGC,,GT,K,KGC,RCG,RCG,CGC GGC TGC
AGC,S,1,NTI,ACT,AAC ACC ATC,H,AHC,AAC ACC ATC,AHC,,ACT,H,AHC,NTI,NTI,AAC ACC ATC
AGC,S,2,R,AG,AGA AGG,R,AGR,AGA,AGW,AGT,A,A,AGA,RS,RS,AGA AGT
AGG,R,0,WG,GT,GGG TGG,K,KGG,GGG TGG,KGG,,GT,K,KGG,WG,WG,GGG TGG
AGG,R,1,TMK,ACT,AAG ACG ATG,H,AHG,AAG ACG ATG,AHG,,ACT,H,AHG,KTM,KTM,AAG ACG ATG
AGG,R,2,S,CT,AGC AGT,Y,AGY,AGT,AGW,AGA,T,T,AGT,RS,RS,AGA AGT
AGT,S,0,RCG,CGT,CGT GGT TGT,B,BGT,GGT TGT,BGT,,GT,K,KGT,RCG,RCG,CGT GGT TGT
AGT,S,1,NTI,ACT,AAT ACT ATT,H,AHT,AAT ACT ATT,AHT,,ACT,H,AHT,NTI,NTI,AAT ACT ATT
AGT,S,2,R,AG,AGA AGG,R,AGR,AGA,AGM,AGC,A,A,AGA,RS,RS,AGA AGC
ATA,I,0,LV,CGT,CTA GTA TTA,B,BTA,TTA GTA,BTA,,TG,K,KTA,VL,VL,CTA GTA TTA
ATA,I,1,TRK,ACG,AAA ACA AGA,V,AVA,AAA ACA AGA,AVA,,ACG,V,AVA,KTR,KTR,AAA ACA AGA
ATA,I,2,M,G,ATG,G,ATG,ATG,ATK,ATT,G,G,ATG,MI,MI,ATG ATT
ATC,I,0,LFV,CGT,CTC GTC TTC,B,BTC,CTC GTC TTC,BTC,,CGT,B,BTC,VFL,VFL,CTC GTC TTC
ATC,I,1,NST,ACG,AAC ACC AGC,V,AVC,AAC ACC AGC,AVC,,ACG,V,AVC,NTS,NTS,AAC ACC AGC
ATC,I,2,M,G,ATG,G,ATG,ATG,ATK,ATT,G,G,ATG,MI,MI,ATG ATT
ATG,M,0,LV,CGT,CTG GTG TTG,B,BTG,TTA GTA,BTG,,TG,K,KTG,VL,VL,CTG GTG TTG
ATG,M,1,TRK,ACG,AAG ACG AGG,V,AVG,AAG ACG AGG,AVG,,ACG,V,AVG,KTR,KTR,AAG ACG AGG
ATG,M,2,I,ACT,ATA ATC ATT,H,ATH,ATT,ATK,ATG,T,T,ATT,MI,MI,ATG ATT
ATT,I,0,LFV,CGT,CTT GTT TTT,B,BTT,CTT GTT TTT,BTT,,CGT,B,BTT,VFL,VFL,CTT GTT TTT
ATT,I,1,NST,ACG,AAT ACT AGT,V,AVT,AAT ACT AGT,AVT,,ACG,V,AVT,NTS,NTS,AAT ACT AGT
ATT,I,2,M,G,ATG,G,ATG,ATG,ATR,ATA,G,G,ATG,MI,MI,ATA ATG
CAA,Q,0,*EK,AGT,AAA GAA TAA,D,DAA,AAA GAA TAA,DAA,,AGT,D,DAA,K*E,K*E,AAA GAA TAA
CAA,Q,1,RLP,CGT,CCA CGA CTA,B,CBA,CCA CGA CTA,CBA,,CGT,B,CBA,RLP,RLP,CCA CGA CTA
CAA,Q,2,H,CT,CAC CAT,Y,CAY,CAT,CAK,CAG,T,T,CAT,QH,QH,CAG CAT
CAC,H,0,NDY,AGT,AAC GAC TAC,D,DAC,AAC GAC TAC,DAC,,AGT,D,DAC,NDY,NDY,AAC GAC TAC
CAC,H,1,RLP,CGT,CCC CGC CTC,B,CBC,CCC CGC CTC,CBC,,CGT,B,CBC,RLP,RLP,CCC CGC CTC
CAC,H,2,Q,AG,CAA CAG,R,CAR,CAA,CAW,CAT,A,A,CAA,QH,QH,CAA CAT
CAG,Q,0,*EK,AGT,AAG GAG TAG,D,DAG,AAG GAG TAG,DAG,,AGT,D,DAG,K*E,K*E,AAG GAG TAG
CAG,Q,1,RLP,CGT,CCG CGG CTG,B,CBG,CCG CGG CTG,CBG,,CGT,B,CBG,RLP,RLP,CCG CGG CTG
CAG,Q,2,H,CT,CAC CAT,Y,CAY,CAT,CAW,CAA,T,T,CAT,QH,QH,CAA CAT
CAT,H,0,NDY,AGT,AAT GAT TAT,D,DAT,AAT GAT TAT,DAT,,AGT,D,DAT,NDY,NDY,AAT GAT TAT
CAT,H,1,RLP,CGT,CCT CGT CTT,B,CBT,CCT CGT CTT,CBT,,CGT,B,CBT,RLP,RLP,CCT CGT CTT
CAT,H,2,Q,AG,CAA CAG,R,CAR,CAA,CAM,CAC,A,A,CAA,QH,QH,CAA CAC
CCA,P,0,TSA,AGT,ACA GCA TCA,D,DCA,ACA GCA TCA,DCA,,AGT,D,DCA,ATS,ATS,ACA GCA TCA
CCA,P,1,RQL,AGT,CAA CGA CTA,D,CDA,CAA CGA CTA,CDA,,AGT,D,CDA,RQL,RQL,CAA CGA CTA
CCA,P,2,,,,A,CCA,,CCT,,,,,P,P,CCT
CCC,P,0,TSA,AGT,ACC GCC TCC,D,DCC,ACC GCC TCC,DCC,,AGT,D,DCC,ATS,ATS,ACC GCC TCC
CCC,P,1,RHL,AGT,CAC CGC CTC,D,CDC,CAC CGC CTC,CDC,,AGT,D,CDC,RLH,RLH,CAC CGC CTC
CCC,P,2,,,,C,CCC,,CCA,,,,,P,P,CCA
CCG,P,0,TSA,AGT,ACG GCG TCG,D,DCG,ACG GCG TCG,DCG,,AGT,D,DCG,ATS,ATS,ACG GCG TCG
CCG,P,1,RQL,AGT,CAG CGG CTG,D,CDG,CAG CGG CTG,CDG,,AGT,D,CDG,RQL,RQL,CAG CGG CTG
CCG,P,2,,,,G,CCG,,CCA,,,,,P,P,CCA
CCT,P,0,TSA,AGT,ACT GCT TCT,D,DCT,ACT GCT TCT,DCT,,AGT,D,DCT,ATS,ATS,ACT GCT TCT
CCT,P,1,RHL,AGT,CAT CGT CTT,D,CDT,CAT CGT CTT,CDT,,AGT,D,CDT,RLH,RLH,CAT CGT CTT
CCT,P,2,,,,T,CCT,,CCA,,,,,P,P,CCA
CGA,R,0,*G,GT,GGA TGA,K,KGA,GGA TGA,DGA,AGA,GT,K,KGA,R*G,R*G,AGA GGA TGA
CGA,R,1,LQP,ACT,CAA CCA CTA,H,CHA,CAA CCA CTA,CHA,,ACT,H,CHA,QLP,QLP,CAA CCA CTA
CGA,R,2,,,,A,CGA,,CGA,,,,,R,R,CGA
CGC,R,0,SCG,AGT,AGC GGC TGC,D,DGC,AGC GGC TGC,DGC,,AGT,D,DGC,CSG,CSG,AGC GGC TGC
CGC,R,1,LHP,ACT,CAC CCC CTC,H,CHC,CAC CCC CTC,CHC,,ACT,H,CHC,LPH,LPH,CAC CCC CTC
CGC,R,2,,,,C,CGC,,CGT,,,,,R,R,CGT
CGG,R,0,WG,GT,GGG TGG,K,KGG,GGG TGG,DGG,AGG,GT,K,KGG,RWG,RWG,AGG GGG TGG
CGG,R,1,LQP,ACT,CAG CCG CTG,H,CHG,CAG CCG CTG,CHG,,ACT,H,CHG,QLP,QLP,CAG CCG CTG
CGG,R,2,,,,G,CGG,,CGG,,,,,R,R,CGG
CGT,R,0,SCG,AGT,AGT GGT TGT,D,DGT,AGT GGT TGT,DGT,,AGT,D,DGT,CSG,CSG,AGT GGT TGT
CGT,R,1,LHP,ACT,CAT CCT CTT,H,CHT,CAT CCT CTT,CHT,,ACT,H,CHT,LPH,LPH,CAT CCT CTT
CGT,R,2,,,,T,CGT,,CGA,,,,,R,R,CGA
CTA,L,0,IV,AG,ATA GTA,R,RTA,ATA GTA,DTA,TTA,AG,R,RTA,VLI,VLI,ATA GTA TTA
CTA,L,1,RQP,ACG,CAA CCA CGA,V,CVA,CAA CCA CGA,CVA,,ACG,V,CVA,RQP,RQP,CAA CCA CGA
CTA,L,2,,,,A,CTA,,CTA,,,,,L,L,CTA
CTC,L,0,FIV,AGT,ATC GTC TTC,D,DTC,ATC GTC TTC,DTC,,AGT,D,DTC,VFI,VFI,ATC GTC TTC
CTC,L,1,RHP,ACG,CAC CCC CGC,V,CVC,CAC CCC CGC,CVC,,ACG,V,CVC,RPH,RPH,CAC CCC CGC
CTC,L,2,,,,C,CTC,,CTA,,,,,L,L,CTA
CTG,L,0,VM,AG,ATG GTG,R,RTG,ATG GTG,DTG,TTG,AG,R,RTG,MVL,MVL,ATG GTG TTG
CTG,L,1,RQP,ACG,CAG CCG CGG,V,CVG,CAG CCG CGG,CVG,,ACG,V,CVG,RQP,RQP,CAG CCG CGG
CTG,L,2,,,,G,CTG,,CTG,,,,,L,L,CTG
CTT,L,0,FIV,AGT,ATT GTT TTT,D,DTT,ATT GTT TTT,DTT,,AGT,D,DTT,VFI,VFI,ATT GTT TTT
CTT,L,1,RHP,ACG,CAT CCT CGT,V,CVT,CAT CCT CGT,CVT,,ACG,V,CVT,RPH,RPH,CAT CCT CGT
CTT,L,2,,,,T,CTT,,CTA,,,,,L,L,CTA
GAA,E,0,*QK,ACT,AAA CAA TAA,H,HAA,AAA CAA TAA,HAA,,ACT,H,HAA,K*Q,K*Q,AAA CAA TAA
GAA,E,1,VAG,CGT,GCA GGA GTA,B,GBA,GCA GGA GTA,GBA,,CGT,B,GBA,AVG,AVG,GCA GGA GTA
GAA,E,2,D,CT,GAC GAT,Y,GAY,GAT,GAK,GAG,T,T,GAT,DE,DE,GAG GAT
GAC,D,0,NHY,ACT,AAC CAC TAC,H,HAC,AAC CAC TAC,HAC,,ACT,H,HAC,NYH,NYH,AAC CAC TAC
GAC,D,1,VAG,CGT,GCC GGC GTC,B,GBC,GCC GGC GTC,GBC,,CGT,B,GBC,AVG,AVG,GCC GGC GTC
GAC,D,2,E,AG,GAA GAG,R,GAR,GAA,GAW,GAT,A,A,GAA,DE,DE,GAA GAT
GAG,E,0,*QK,ACT,AAG CAG TAG,H,HAG,AAG CAG TAG,HAG,,ACT,H,HAG,K*Q,K*Q,AAG CAG TAG
GAG,E,1,VAG,CGT,GCG GGG GTG,B,GBG,GCG GGG GTG,GBG,,CGT,B,GBG,AVG,AVG,GCG GGG GTG
GAG,E,2,D,CT,GAC GAT,Y,GAY,GAT,GAW,GAA,T,T,GAT,DE,DE,GAA GAT
GAT,D,0,NHY,ACT,AAT CAT TAT,H,HAT,AAT CAT TAT,HAT,,ACT,H,HAT,NYH,NYH,AAT CAT TAT
GAT,D,1,VAG,CGT,GCT GGT GTT,B,GBT,GCT GGT GTT,GBT,,CGT,B,GBT,AVG,AVG,GCT GGT GTT
GAT,D,2,E,AG,GAA GAG,R,GAR,GAA,GAM,GAC,A,A,GAA,DE,DE,GAA GAC
GCA,A,0,TSP,ACT,ACA CCA TCA,H,HCA,ACA CCA TCA,HCA,,ACT,H,HCA,STP,STP,ACA CCA TCA
GCA,A,1,GVE,AGT,GAA GGA GTA,D,GDA,GAA GGA GTA,GDA,,AGT,D,GDA,VGE,VGE,GAA GGA GTA
GCA,A,2,,,,A,GCA,,GCT,,,,,A,A,GCT
GCC,A,0,TSP,ACT,ACC CCC TCC,H,HCC,ACC CCC TCC,HCC,,ACT,H,HCC,STP,STP,ACC CCC TCC
GCC,A,1,VDG,AGT,GAC GGC GTC,D,GDC,GAC GGC GTC,GDC,,AGT,D,GDC,VDG,VDG,GAC GGC GTC
GCC,A,2,,,,C,GCC,,GCT,,,,,A,A,GCT
GCG,A,0,TSP,ACT,ACG CCG TCG,H,HCG,ACG CCG TCG,HCG,,ACT,H,HCG,STP,STP,ACG CCG TCG
GCG,A,1,GVE,AGT,GAG GGG GTG,D,GDG,GAG GGG GTG,GDG,,AGT,D,GDG,VGE,VGE,GAG GGG GTG
GCG,A,2,,,,G,GCG,,GCT,,,,,A,A,GCT
GCT,A,0,TSP,ACT,ACT CCT TCT,H,HCT,ACT CCT TCT,HCT,,ACT,H,HCT,STP,STP,ACT CCT TCT
GCT,A,1,VDG,AGT,GAT GGT GTT,D,GDT,GAT GGT GTT,GDT,,AGT,D,GDT,VDG,VDG,GAT GGT GTT
GCT,A,2,,,,T,GCT,,GCA,,,,,A,A,GCA
GGA,G,0,R*,ACT,AGA CGA TGA,H,HGA,AGA TGA,HGA,,AT,W,WGA,R*,R*,AGA CGA TGA
GGA,G,1,VAE,ACT,GAA GCA GTA,H,GHA,GAA GCA GTA,GHA,,ACT,H,GHA,AVE,AVE,GAA GCA GTA
GGA,G,2,,,,A,GGA,,GGT,,,,,G,G,GGT
GGC,G,0,RSC,ACT,AGC CGC TGC,H,HGC,AGC CGC TGC,HGC,,ACT,H,HGC,RCS,RCS,AGC CGC TGC
GGC,G,1,ADV,ACT,GAC GCC GTC,H,GHC,GAC GCC GTC,GHC,,ACT,H,GHC,ADV,ADV,GAC GCC GTC
GGC,G,2,,,,C,GGC,,GGT,,,,,G,G,GGT
GGG,G,0,RW,ACT,AGG CGG TGG,H,HGG,AGG TGG,HGG,,AT,W,WGG,RW,RW,AGG CGG TGG
GGG,G,1,VAE,ACT,GAG GCG GTG,H,GHG,GAG GCG GTG,GHG,,ACT,H,GHG,AVE,AVE,GAG GCG GTG
GGG,G,2,,,,G,GGG,,GGT,,,,,G,G,GGT
GGT,G,0,RSC,ACT,AGT CGT TGT,H,HGT,AGT CGT TGT,HGT,,ACT,H,HGT,RCS,RCS,AGT CGT TGT
GGT,G,1,ADV,ACT,GAT GCT GTT,H,GHT,GAT GCT GTT,GHT,,ACT,H,GHT,ADV,ADV,GAT GCT GTT
GGT,G,2,,,,T,GGT,,GGA,,,,,G,G,GGA
GTA,V,0,LI,ACT,ATA CTA TTA,H,HTA,ATA TTA,HTA,,AT,W,WTA,LI,LI,ATA CTA TTA
GTA,V,1,GAE,ACG,GAA GCA GGA,V,GVA,GAA GCA GGA,GVA,,ACG,V,GVA,AGE,AGE,GAA GCA GGA
GTA,V,2,,,,A,GTA,,GTT,,,,,V,V,GTT
GTC,V,0,LFI,ACT,ATC CTC TTC,H,HTC,ATC CTC TTC,HTC,,ACT,H,HTC,FLI,FLI,ATC CTC TTC
GTC,V,1,ADG,ACG,GAC GCC GGC,V,GVC,GAC GCC GGC,GVC,,ACG,V,GVC,ADG,ADG,GAC GCC GGC
GTC,V,2,,,,C,GTC,,GTT,,,,,V,V,GTT
GTG,V,0,LM,ACT,ATG CTG TTG,H,HTG,ATG TTG,HTG,,AT,W,WTG,ML,ML,ATG CTG TTG
GTG,V,1,GAE,ACG,GAG GCG GGG,V,GVG,GAG GCG GGG,GVG,,ACG,V,GVG,AGE,AGE,GAG GCG GGG
GTG,V,2,,,,G,GTG,,GTT,,,,,V,V,GTT
GTT,V,0,LFI,ACT,ATT CTT TTT,H,HTT,ATT CTT TTT,HTT,,ACT,H,HTT,FLI,FLI,ATT CTT TTT
GTT,V,1,ADG,ACG,GAT GCT GGT,V,GVT,GAT GCT GGT,GVT,,ACG,V,GVT,ADG,ADG,GAT GCT GGT
GTT,V,2,,,,T,GTT,,GTA,,,,,V,V,GTA
TAA,*,0,QEK,ACG,AAA CAA GAA,V,VAA,AAA CAA GAA,VAA,,ACG,V,VAA,KQE,KQE,AAA CAA GAA
TAA,*,1,LS,CT,TCA TTA,Y,TYA,TCA TTA,TYA,,CT,Y,TYA,LS,LS,TCA TTA
TAA,*,2,Y,CT,TAC TAT,Y,TAY,TAT,TAK,TAG,T,T,TAT,*Y,*Y,TAG TAT
TAC,Y,0,NHD,ACG,AAC CAC GAC,V,VAC,AAC CAC GAC,VAC,,ACG,V,VAC,NDH,NDH,AAC CAC GAC
TAC,Y,1,SFC,CGT,TCC TGC TTC,B,TBC,TCC TGC TTC,TBC,,CGT,B,TBC,CSF,CSF,TCC TGC TTC
TAC,Y,2,*,AG,TAA TAG,R,TAR,TAA,TAW,TAT,A,A,TAA,*Y,*Y,TAA TAT
TAG,*,0,QEK,ACG,AAG CAG GAG,V,VAG,AAG CAG GAG,VAG,,ACG,V,VAG,KQE,KQE,AAG CAG GAG
TAG,*,1,LSW,CGT,TCG TGG TTG,B,TBG,TCG TGG TTG,TBG,,CGT,B,TBG,WLS,WLS,TCG TGG TTG
TAG,*,2,Y,CT,TAC TAT,Y,TAY,TAT,TAW,TAA,T,T,TAT,*Y,*Y,TAA TAT
TAT,Y,0,NHD,ACG,AAT CAT GAT,V,VAT,AAT CAT GAT,VAT,,ACG,V,VAT,NDH,NDH,AAT CAT GAT
TAT,Y,1,SFC,CGT,TCT TGT TTT,B,TBT,TCT TGT TTT,TBT,,CGT,B,TBT,CSF,CSF,TCT TGT TTT
TAT,Y,2,*,AG,TAA TAG,R,TAR,TAA,TAM,TAC,A,A,TAA,*Y,*Y,TAA TAC
TCA,S,0,TAP,ACG,ACA CCA GCA,V,VCA,ACA CCA GCA,VCA,,ACG,V,VCA,ATP,ATP,ACA CCA GCA
TCA,S,1,L*,AGT,TAA TGA TTA,D,TDA,TAA TTA,TDA,,AT,W,TWA,*L,*L,TAA TGA TTA
TCA,S,2,,,,A,TCA,,TCT,,,,,S,S,TCT
TCC,S,0,TAP,ACG,ACC CCC GCC,V,VCC,ACC CCC GCC,VCC,,ACG,V,VCC,ATP,ATP,ACC CCC GCC
TCC,S,1,FCY,AGT,TAC TGC TTC,D,TDC,TAC TGC TTC,TDC,,AGT,D,TDC,CYF,CYF,TAC TGC TTC
TCC,S,2,,,,C,TCC,,TCT,,,,,S,S,TCT
TCG,S,0,TAP,ACG,ACG CCG GCG,V,VCG,ACG CCG GCG,VCG,,ACG,V,VCG,ATP,ATP,ACG CCG GCG
TCG,S,1,L*W,AGT,TAG TGG TTG,D,TDG,TAG TGG TTG,TDG,,AGT,D,TDG,W*L,W*L,TAG TGG TTG
TCG,S,2,,,,G,TCG,,TCT,,,,,S,S,TCT
TCT,S,0,TAP,ACG,ACT CCT GCT,V,VCT,ACT CCT GCT,VCT,,ACG,V,VCT,ATP,ATP,ACT CCT GCT
TCT,S,1,FCY,AGT,TAT TGT TTT,D,TDT,TAT TGT TTT,TDT,,AGT,D,TDT,CYF,CYF,TAT TGT TTT
TCT,S,2,,,,T,TCT,,TCA,,,,,S,S,TCA
TGA,*,0,RG,ACG,AGA CGA GGA,V,VGA,AGA GGA,VGA,,AG,R,RGA,RG,RG,AGA CGA GGA
TGA,*,1,LS,CT,TCA TTA,Y,TYA,TCA TTA,THA,TAA,CT,Y,TYA,L*S,L*S,TAA TCA TTA
TGA,*,2,CW,CGT,TGC TGG TGT,B,TGB,TGT TGG,TGB,,TG,K,TGK,WC,WC,TGC TGG TGT
TGC,C,0,RSG,ACG,AGC CGC GGC,V,VGC,CGC GGC,VGC,,CG,S,SGC,RSG,RSG,AGC CGC GGC
TGC,C,1,SFY,ACT,TAC TCC TTC,H,THC,TAC TCC TTC,THC,,ACT,H,THC,FSY,FSY,TAC TCC TTC
TGC,C,2,*W,AG,TGA TGG,R,TGR,TGA TGG,TGD,TGT,AG,R,TGR,W*C,W*C,TGA TGG TGT
TGG,W,0,RG,ACG,AGG CGG GGG,V,VGG,AGG GGG,VGG,,AG,R,RGG,RG,RG,AGG CGG GGG
TGG,W,1,L*S,ACT,TAG TCG TTG,H,THG,TAG TCG TTG,THG,,ACT,H,THG,L*S,L*S,TAG TCG TTG
TGG,W,2,*C,ACT,TGA TGC TGT,H,TGH,TGA TGC,TGV,TGG,AC,M,TGM,W*C,W*C,TGA TGC TGG
TGT,C,0,RSG,ACG,AGT CGT GGT,V,VGT,CGT GGT,VGT,,CG,S,SGT,RSG,RSG,AGT CGT GGT
TGT,C,1,SFY,ACT,TAT TCT TTT,H,THT,TAT TCT TTT,THT,,ACT,H,THT,FSY,FSY,TAT TCT TTT
TGT,C,2,*W,AG,TGA TGG,R,TGR,TGA TGG,TGV,TGC,AG,R,TGR,W*C,W*C,TGA TGC TGG
TTA,L,0,IV,AG,ATA GTA,R,RTA,ATA GTA,RTA,,AG,R,RTA,VI,VI,ATA GTA
TTA,L,1,*S,ACG,TAA TCA TGA,V,TVA,TAA TCA,TVA,,AC,M,TMA,*S,*S,TAA TCA TGA
TTA,L,2,F,CT,TTC TTT,Y,TTY,TTT,TTK,TTG,T,T,TTT,FL,FL,TTG TTT
TTC,F,0,LIV,ACG,ATC CTC GTC,V,VTC,ATC GTC,VTC,,AG,R,RTC,VLI,VLI,ATC CTC GTC
TTC,F,1,SCY,ACG,TAC TCC TGC,V,TVC,TAC TCC TGC,TVC,,ACG,V,TVC,CSY,CSY,TAC TCC TGC
TTC,F,2,L,AG,TTA TTG,R,TTR,TTG,TTK,TTT,G,G,TTG,FL,FL,TTG TTT
TTG,L,0,VM,AG,ATG GTG,R,RTG,ATG GTG,RTG,,AG,R,RTG,MV,MV,ATG GTG
TTG,L,1,*SW,ACG,TAG TCG TGG,V,TVG,TAG TCG TGG,TVG,,ACG,V,TVG,W*S,W*S,TAG TCG TGG
TTG,L,2,F,CT,TTC TTT,Y,TTY,TTT,TTW,TTA,T,T,TTT,FL,FL,TTA TTT
TTT,F,0,LIV,ACG,ATT CTT GTT,V,VTT,ATT GTT,VTT,,AG,R,RTT,VLI,VLI,ATT CTT GTT
TTT,F,1,SCY,ACG,TAT TCT TGT,V,TVT,TAT TCT TGT,TVT,,ACG,V,TVT,CSY,CSY,TAT TCT TGT
TTT,F,2,L,AG,TTA TTG,R,TTR,TTG,TTS,TTC,G,G,TTG,FL,FL,TTC TTG
