codon,aa,position,missense_nuc,missense_codons,missense_aa,missense_iupac,missense_iupac_codon,sele_codons,sele_notes,syn_bool,syn_iupac_codon,syn_notes
AAA,K,0,CGT,CAA GAA TAA,*QE,B,BAA,CAA GAA TAA,y,,,
AAA,K,1,CGT,ACA AGA ATA,TRI,B,ABA,ACA AGA ATA,y,,,
AAA,K,2,CT,AAC AAT,N,Y,AAY,AAT,pick one,TRUE,AAK,
AAC,N,0,CGT,CAC GAC TAC,HDY,B,BAC,CAC GAC TAC,y,,,
AAC,N,1,CGT,ACC AGC ATC,TSI,B,ABC,ACC AGC ATC,y,,,
AAC,N,2,AG,AAA AAG,K,R,AAR,AAA,pick one,TRUE,AAW,
AAG,K,0,CGT,CAG GAG TAG,*QE,B,BAG,CAG GAG TAG,y,,,
AAG,K,1,CGT,ACG AGG ATG,TRM,B,ABG,ACG AGG ATG,y,,,
AAG,K,2,CT,AAC AAT,N,Y,AAY,AAT,pick one,TRUE,AAW,
AAT,N,0,CGT,CAT GAT TAT,HDY,B,BAT,CAT GAT TAT,y,,,
AAT,N,1,CGT,ACT AGT ATT,TSI,B,ABT,ACT AGT ATT,y,,,
AAT,N,2,AG,AAA AAG,K,R,AAR,AAA,pick one,TRUE,AAM,
ACA,T,0,CGT,CCA GCA TCA,SAP,B,BCA,CCA GCA TCA,y,,,
ACA,T,1,AGT,AAA AGA ATA,RIK,D,ADA,AAA AGA ATA,y,,,
ACA,T,2,,,,A,ACA,,,TRUE,ACT,
ACC,T,0,CGT,CCC GCC TCC,SAP,B,BCC,CCC GCC TCC,pick S,,,not the best S codon
ACC,T,1,AGT,AAC AGC ATC,NSI,D,ADC,AAC ATC,pick S,,,
ACC,T,2,,,,C,ACC,,,TRUE,ACT,
ACG,T,0,CGT,CCG GCG TCG,SAP,B,BCG,CCG GCG TCG,y,,,
ACG,T,1,AGT,AAG AGG ATG,RMK,D,ADG,AAG AGG ATG,y,,,
ACG,T,2,,,,G,ACG,,,TRUE,ACT,
ACT,T,0,CGT,CCT GCT TCT,SAP,B,BCT,CCT GCT TCT,pick S,,,
ACT,T,1,AGT,AAT AGT ATT,NSI,D,ADT,AAT ATT,pick S,,,
ACT,T,2,,,,T,ACT,,,TRUE,ACA,
AGA,R,0,GT,GGA TGA,*G,K,KGA,GGA TGA,y,,,
AGA,R,1,ACT,AAA ACA ATA,TIK,H,AHA,AAA ACA ATA,y,,,
AGA,R,2,CT,AGC AGT,S,Y,AGY,AGT,pick one,TRUE,AGK,not the best S codon
AGC,S,0,CGT,CGC GGC TGC,RCG,B,BGC,GGC TGC,pick R,,,
AGC,S,1,ACT,AAC ACC ATC,NTI,H,AHC,AAC ACC ATC,y,,,
AGC,S,2,AG,AGA AGG,R,R,AGR,AGA,CUT (unless optimum codon),TRUE,AGW,
AGG,R,0,GT,GGG TGG,WG,K,KGG,GGG TGG,y,,,
AGG,R,1,ACT,AAG ACG ATG,TMK,H,AHG,AAG ACG ATG,y,,,
AGG,R,2,CT,AGC AGT,S,Y,AGY,AGT,pick one,TRUE,AGW,not the best S codon
AGT,S,0,CGT,CGT GGT TGT,RCG,B,BGT,GGT TGT,CUT R,,,
AGT,S,1,ACT,AAT ACT ATT,NTI,H,AHT,AAT ACT ATT,y,,,
AGT,S,2,AG,AGA AGG,R,R,AGR,AGA,pick one,TRUE,AGM,
ATA,I,0,CGT,CTA GTA TTA,LV,B,BTA,TTA GTA,pick one L,,,
ATA,I,1,ACG,AAA ACA AGA,TRK,V,AVA,AAA ACA AGA,y,,,
ATA,I,2,G,ATG,M,G,ATG,ATG,y,TRUE,ATK,
ATC,I,0,CGT,CTC GTC TTC,LFV,B,BTC,CTC GTC TTC,y,,,
ATC,I,1,ACG,AAC ACC AGC,NST,V,AVC,AAC ACC AGC,y,,,
ATC,I,2,G,ATG,M,G,ATG,ATG,y,TRUE,ATK,
ATG,M,0,CGT,CTG GTG TTG,LV,B,BTG,TTA GTA,SLIM,,,
ATG,M,1,ACG,AAG ACG AGG,TRK,V,AVG,AAG ACG AGG,y,,,
ATG,M,2,ACT,ATA ATC ATT,I,H,ATH,ATT,pick one I,TRUE,ATK,"no synonymous changes for M, but would be good to see variants surrounding?"
ATT,I,0,CGT,CTT GTT TTT,LFV,B,BTT,CTT GTT TTT,y,,,
ATT,I,1,ACG,AAT ACT AGT,NST,V,AVT,AAT ACT AGT,y,,,
ATT,I,2,G,ATG,M,G,ATG,ATG,y,TRUE,ATR,
CAA,Q,0,AGT,AAA GAA TAA,*EK,D,DAA,AAA GAA TAA,y,,,
CAA,Q,1,CGT,CCA CGA CTA,RLP,B,CBA,CCA CGA CTA,y,,,
CAA,Q,2,CT,CAC CAT,H,Y,CAY,CAT,pick one,TRUE,CAK,
CAC,H,0,AGT,AAC GAC TAC,NDY,D,DAC,AAC GAC TAC,y,,,
CAC,H,1,CGT,CCC CGC CTC,RLP,B,CBC,CCC CGC CTC,y,,,
CAC,H,2,AG,CAA CAG,Q,R,CAR,CAA,pick one,TRUE,CAW,
CAG,Q,0,AGT,AAG GAG TAG,*EK,D,DAG,AAG GAG TAG,y,,,
CAG,Q,1,CGT,CCG CGG CTG,RLP,B,CBG,CCG CGG CTG,y,,,
CAG,Q,2,CT,CAC CAT,H,Y,CAY,CAT,pick one,TRUE,CAW,
CAT,H,0,AGT,AAT GAT TAT,NDY,D,DAT,AAT GAT TAT,y,,,
CAT,H,1,CGT,CCT CGT CTT,RLP,B,CBT,CCT CGT CTT,y,,,
CAT,H,2,AG,CAA CAG,Q,R,CAR,CAA,pick one,TRUE,CAM,
CCA,P,0,AGT,ACA GCA TCA,TSA,D,DCA,ACA GCA TCA,y,,,
CCA,P,1,AGT,CAA CGA CTA,RQL,D,CDA,CAA CGA CTA,y,,,
CCA,P,2,,,,A,CCA,,,TRUE,CCT,
CCC,P,0,AGT,ACC GCC TCC,TSA,D,DCC,ACC GCC TCC,y,,,
CCC,P,1,AGT,CAC CGC CTC,RHL,D,CDC,CAC CGC CTC,y,,,
CCC,P,2,,,,C,CCC,,,TRUE,CCA,
CCG,P,0,AGT,ACG GCG TCG,TSA,D,DCG,ACG GCG TCG,y,,,
CCG,P,1,AGT,CAG CGG CTG,RQL,D,CDG,CAG CGG CTG,y,,,
CCG,P,2,,,,G,CCG,,,TRUE,CCA,
CCT,P,0,AGT,ACT GCT TCT,TSA,D,DCT,ACT GCT TCT,y,,,
CCT,P,1,AGT,CAT CGT CTT,RHL,D,CDT,CAT CGT CTT,y,,,
CCT,P,2,,,,T,CCT,,,TRUE,CCA,
CGA,R,0,GT,GGA TGA,*G,K,KGA,GGA TGA,y,TRUE,DGA,specially designed
CGA,R,1,ACT,CAA CCA CTA,LQP,H,CHA,CAA CCA CTA,y,,,
CGA,R,2,,,,A,CGA,,,,,
CGC,R,0,AGT,AGC GGC TGC,SCG,D,DGC,AGC GGC TGC,y,,,
CGC,R,1,ACT,CAC CCC CTC,LHP,H,CHC,CAC CCC CTC,y,,,
CGC,R,2,,,,C,CGC,,,TRUE,CGT,not best codon frequency
CGG,R,0,GT,GGG TGG,WG,K,KGG,GGG TGG,y,TRUE,DGG,specially designed
CGG,R,1,ACT,CAG CCG CTG,LQP,H,CHG,CAG CCG CTG,y,,,
CGG,R,2,,,,G,CGG,,,,,
CGT,R,0,AGT,AGT GGT TGT,SCG,D,DGT,AGT GGT TGT,y,,,
CGT,R,1,ACT,CAT CCT CTT,LHP,H,CHT,CAT CCT CTT,y,,,
CGT,R,2,,,,T,CGT,,,TRUE,CGA,poor codon frequency
CTA,L,0,AG,ATA GTA,IV,R,RTA,ATA GTA,y,TRUE,DTA,specially designed
CTA,L,1,ACG,CAA CCA CGA,RQP,V,CVA,CAA CCA CGA,y,,,
CTA,L,2,,,,A,CTA,,,,,
CTC,L,0,AGT,ATC GTC TTC,FIV,D,DTC,ATC GTC TTC,y,,,
CTC,L,1,ACG,CAC CCC CGC,RHP,V,CVC,CAC CCC CGC,y,,,
CTC,L,2,,,,C,CTC,,,TRUE,CTA,
CTG,L,0,AG,ATG GTG,VM,R,RTG,ATG GTG,y,TRUE,DTG,specially designed
CTG,L,1,ACG,CAG CCG CGG,RQP,V,CVG,CAG CCG CGG,y,,,
CTG,L,2,,,,G,CTG,,,,,
CTT,L,0,AGT,ATT GTT TTT,FIV,D,DTT,ATT GTT TTT,y,,,
CTT,L,1,ACG,CAT CCT CGT,RHP,V,CVT,CAT CCT CGT,y,,,
CTT,L,2,,,,T,CTT,,,TRUE,CTA,
GAA,E,0,ACT,AAA CAA TAA,*QK,H,HAA,AAA CAA TAA,y,,,
GAA,E,1,CGT,GCA GGA GTA,VAG,B,GBA,GCA GGA GTA,y,,,
GAA,E,2,CT,GAC GAT,D,Y,GAY,GAT,pick one,TRUE,GAK,
GAC,D,0,ACT,AAC CAC TAC,NHY,H,HAC,AAC CAC TAC,y,,,
GAC,D,1,CGT,GCC GGC GTC,VAG,B,GBC,GCC GGC GTC,y,,,
GAC,D,2,AG,GAA GAG,E,R,GAR,GAA,pick one,TRUE,GAW,
GAG,E,0,ACT,AAG CAG TAG,*QK,H,HAG,AAG CAG TAG,y,,,
GAG,E,1,CGT,GCG GGG GTG,VAG,B,GBG,GCG GGG GTG,y,,,
GAG,E,2,CT,GAC GAT,D,Y,GAY,GAT,pick one,TRUE,GAW,
GAT,D,0,ACT,AAT CAT TAT,NHY,H,HAT,AAT CAT TAT,y,,,
GAT,D,1,CGT,GCT GGT GTT,VAG,B,GBT,GCT GGT GTT,y,,,
GAT,D,2,AG,GAA GAG,E,R,GAR,GAA,pick one,TRUE,GAM,
GCA,A,0,ACT,ACA CCA TCA,TSP,H,HCA,ACA CCA TCA,y,,,
GCA,A,1,AGT,GAA GGA GTA,GVE,D,GDA,GAA GGA GTA,y,,,
GCA,A,2,,,,A,GCA,,,TRUE,GCT,
GCC,A,0,ACT,ACC CCC TCC,TSP,H,HCC,ACC CCC TCC,y,,,
GCC,A,1,AGT,GAC GGC GTC,VDG,D,GDC,GAC GGC GTC,y,,,
GCC,A,2,,,,C,GCC,,,TRUE,GCT,
GCG,A,0,ACT,ACG CCG TCG,TSP,H,HCG,ACG CCG TCG,y,,,
GCG,A,1,AGT,GAG GGG GTG,GVE,D,GDG,GAG GGG GTG,y,,,
GCG,A,2,,,,G,GCG,,,TRUE,GCT,
GCT,A,0,ACT,ACT CCT TCT,TSP,H,HCT,ACT CCT TCT,y,,,
GCT,A,1,AGT,GAT GGT GTT,VDG,D,GDT,GAT GGT GTT,y,,,
GCT,A,2,,,,T,GCT,,,TRUE,GCA,
GGA,G,0,ACT,AGA CGA TGA,R*,H,HGA,AGA TGA,SLIM,,,
GGA,G,1,ACT,GAA GCA GTA,VAE,H,GHA,GAA GCA GTA,y,,,
GGA,G,2,,,,A,GGA,,,TRUE,GGT,
GGC,G,0,ACT,AGC CGC TGC,RSC,H,HGC,AGC CGC TGC,y,,,
GGC,G,1,ACT,GAC GCC GTC,ADV,H,GHC,GAC GCC GTC,y,,,
GGC,G,2,,,,C,GGC,,,TRUE,GGT,
GGG,G,0,ACT,AGG CGG TGG,RW,H,HGG,AGG TGG,SLIM,,,
GGG,G,1,ACT,GAG GCG GTG,VAE,H,GHG,GAG GCG GTG,y,,,
GGG,G,2,,,,G,GGG,,,TRUE,GGT,
GGT,G,0,ACT,AGT CGT TGT,RSC,H,HGT,AGT CGT TGT,y,,,
GGT,G,1,ACT,GAT GCT GTT,ADV,H,GHT,GAT GCT GTT,y,,,
GGT,G,2,,,,T,GGT,,,TRUE,GGA,
GTA,V,0,ACT,ATA CTA TTA,LI,H,HTA,ATA TTA,SLIM,,,
GTA,V,1,ACG,GAA GCA GGA,GAE,V,GVA,GAA GCA GGA,y,,,
GTA,V,2,,,,A,GTA,,,TRUE,GTT,
GTC,V,0,ACT,ATC CTC TTC,LFI,H,HTC,ATC CTC TTC,y,,,
GTC,V,1,ACG,GAC GCC GGC,ADG,V,GVC,GAC GCC GGC,y,,,
GTC,V,2,,,,C,GTC,,,TRUE,GTT,
GTG,V,0,ACT,ATG CTG TTG,LM,H,HTG,ATG TTG,SLIM,,,
GTG,V,1,ACG,GAG GCG GGG,GAE,V,GVG,GAG GCG GGG,y,,,
GTG,V,2,,,,G,GTG,,,TRUE,GTT,
GTT,V,0,ACT,ATT CTT TTT,LFI,H,HTT,ATT CTT TTT,y,,,
GTT,V,1,ACG,GAT GCT GGT,ADG,V,GVT,GAT GCT GGT,y,,,
GTT,V,2,,,,T,GTT,,,TRUE,GTA,
TAA,*,0,ACG,AAA CAA GAA,QEK,V,VAA,AAA CAA GAA,y,,,
TAA,*,1,CT,TCA TTA,LS,Y,TYA,TCA TTA,y,,,
TAA,*,2,CT,TAC TAT,Y,Y,TAY,TAT,pick one,TRUE,TAK,
TAC,Y,0,ACG,AAC CAC GAC,NHD,V,VAC,AAC CAC GAC,y,,,
TAC,Y,1,CGT,TCC TGC TTC,SFC,B,TBC,TCC TGC TTC,y,,,
TAC,Y,2,AG,TAA TAG,*,R,TAR,TAA,pick one,TRUE,TAW,
TAG,*,0,ACG,AAG CAG GAG,QEK,V,VAG,AAG CAG GAG,y,,,
TAG,*,1,CGT,TCG TGG TTG,LSW,B,TBG,TCG TGG TTG,y,,,
TAG,*,2,CT,TAC TAT,Y,Y,TAY,TAT,pick one,TRUE,TAW,
TAT,Y,0,ACG,AAT CAT GAT,NHD,V,VAT,AAT CAT GAT,y,,,
TAT,Y,1,CGT,TCT TGT TTT,SFC,B,TBT,TCT TGT TTT,y,,,
TAT,Y,2,AG,TAA TAG,*,R,TAR,TAA,pick one,TRUE,TAM,
TCA,S,0,ACG,ACA CCA GCA,TAP,V,VCA,ACA CCA GCA,y,,,
TCA,S,1,AGT,TAA TGA TTA,L*,D,TDA,TAA TTA,SLIM,,,
TCA,S,2,,,,A,TCA,,,TRUE,TCT,
TCC,S,0,ACG,ACC CCC GCC,TAP,V,VCC,ACC CCC GCC,y,,,
TCC,S,1,AGT,TAC TGC TTC,FCY,D,TDC,TAC TGC TTC,y,,,
TCC,S,2,,,,C,TCC,,,TRUE,TCT,
TCG,S,0,ACG,ACG CCG GCG,TAP,V,VCG,ACG CCG GCG,y,,,
TCG,S,1,AGT,TAG TGG TTG,L*W,D,TDG,TAG TGG TTG,y,,,
TCG,S,2,,,,G,TCG,,,TRUE,TCT,
TCT,S,0,ACG,ACT CCT GCT,TAP,V,VCT,ACT CCT GCT,y,,,
TCT,S,1,AGT,TAT TGT TTT,FCY,D,TDT,TAT TGT TTT,y,,,
TCT,S,2,,,,T,TCT,,,TRUE,TCA,
TGA,*,0,ACG,AGA CGA GGA,RG,V,VGA,AGA GGA,SLIM,,,
TGA,*,1,CT,TCA TTA,LS,Y,TYA,TCA TTA,y,TRUE,THA,"Oddball, second position synonymous"
TGA,*,2,CGT,TGC TGG TGT,CW,B,TGB,TGT TGG,SLIM,,,
TGC,C,0,ACG,AGC CGC GGC,RSG,V,VGC,CGC GGC,CUT S,,,
TGC,C,1,ACT,TAC TCC TTC,SFY,H,THC,TAC TCC TTC,y,,,
TGC,C,2,AG,TGA TGG,*W,R,TGR,TGA TGG,y,TRUE,TGD,
TGG,W,0,ACG,AGG CGG GGG,RG,V,VGG,AGG GGG,SLIM,,,
TGG,W,1,ACT,TAG TCG TTG,L*S,H,THG,TCG TTG,cut * (TAG),,,
TGG,W,2,ACT,TGA TGC TGT,*C,H,TGH,TGA TGC,,TRUE,TGV,Trp has no synonymous codons
TGT,C,0,ACG,AGT CGT GGT,RSG,V,VGT,CGT GGT,CUT S,,,
TGT,C,1,ACT,TAT TCT TTT,SFY,H,THT,TAT TCT TTT,y,,,
TGT,C,2,AG,TGA TGG,*W,R,TGR,TGA TGG,y,TRUE,TGV,
TTA,L,0,AG,ATA GTA,IV,R,RTA,ATA GTA,y,,,
TTA,L,1,ACG,TAA TCA TGA,*S,V,TVA,TAA TCA,SLIM *,,,
TTA,L,2,CT,TTC TTT,F,Y,TTY,TTT,SLIM,TRUE,TTK,
TTC,F,0,ACG,ATC CTC GTC,LIV,V,VTC,ATC GTC,remove L,,,
TTC,F,1,ACG,TAC TCC TGC,SCY,V,TVC,TAC TCC TGC,y,,,
TTC,F,2,AG,TTA TTG,L,R,TTR,TTG,SLIM L,TRUE,TTK,
TTG,L,0,AG,ATG GTG,VM,R,RTG,ATG GTG,y,,,
TTG,L,1,ACG,TAG TCG TGG,*SW,V,TVG,TAG TCG TGG,y,,,
TTG,L,2,CT,TTC TTT,F,Y,TTY,TTT,SLIM,TRUE,TTW,
TTT,F,0,ACG,ATT CTT GTT,LIV,V,VTT,ATT GTT,Remove L,,,
TTT,F,1,ACG,TAT TCT TGT,SCY,V,TVT,TAT TCT TGT,y,,,
TTT,F,2,AG,TTA TTG,L,R,TTR,TTG,SLIM L,TRUE,TTS,