codon,aa,position,missense_nuc,missense_codons,missense_aa,missense_iupac,missense_iupac_codon,sele_codons,sele_aa,sele_iupac_codon,syn_bool,syn_codons,syn_aa,syn_iupac_codon,no_stop_codons,no_stop_aa,no_stop_iupac_codon,no_stop_syn_codons,no_stop_syn_aa,no_stop_syn_iupac_codon
AAA,K,0,CGT,CAA GAA TAA,*QE,B,BAA,CAA GAA TAA,QE*,BAA,FALSE,,,BAA,CAA GAA,QE,SAA,CAA GAA,QE,SAA
AAA,K,1,CGT,ACA AGA ATA,TRI,B,ABA,ACA AGA ATA,TRI,ABA,FALSE,,,ABA,ACA AGA ATA,TRI,ABA,ACA AGA ATA,TRI,ABA
AAA,K,2,CT,AAC AAT,N,Y,AAY,AAT,N,AAT,TRUE,AAG AAT,KN,AAK,AAT,N,AAT,AAG AAT,KN,AAK
AAC,N,0,CGT,CAC GAC TAC,HDY,B,BAC,CAC GAC TAC,HDY,BAC,FALSE,,,BAC,CAC GAC TAC,HDY,BAC,CAC GAC TAC,HDY,BAC
AAC,N,1,CGT,ACC AGC ATC,TSI,B,ABC,ACC AGC ATC,TSI,ABC,FALSE,,,ABC,ACC AGC ATC,TSI,ABC,ACC AGC ATC,TSI,ABC
AAC,N,2,AG,AAA AAG,K,R,AAR,AAA,K,AAA,TRUE,AAA AAT,KN,AAW,AAA,K,AAA,AAA AAT,KN,AAW
AAG,K,0,CGT,CAG GAG TAG,*QE,B,BAG,CAG GAG TAG,QE*,BAG,FALSE,,,BAG,CAG GAG,QE,SAG,CAG GAG,QE,SAG
AAG,K,1,CGT,ACG AGG ATG,TRM,B,ABG,ACG AGG ATG,TRM,ABG,FALSE,,,ABG,ACG AGG ATG,TRM,ABG,ACG AGG ATG,TRM,ABG
AAG,K,2,CT,AAC AAT,N,Y,AAY,AAT,N,AAT,TRUE,AAA AAT,KN,AAW,AAT,N,AAT,AAA AAT,KN,AAW
AAT,N,0,CGT,CAT GAT TAT,HDY,B,BAT,CAT GAT TAT,HDY,BAT,FALSE,,,BAT,CAT GAT TAT,HDY,BAT,CAT GAT TAT,HDY,BAT
AAT,N,1,CGT,ACT AGT ATT,TSI,B,ABT,ACT AGT ATT,TSI,ABT,FALSE,,,ABT,ACT AGT ATT,TSI,ABT,ACT AGT ATT,TSI,ABT
AAT,N,2,AG,AAA AAG,K,R,AAR,AAA,K,AAA,TRUE,AAA AAC,KN,AAM,AAA,K,AAA,AAA AAC,KN,AAM
ACA,T,0,CGT,CCA GCA TCA,SAP,B,BCA,CCA GCA TCA,PAS,BCA,FALSE,,,BCA,CCA GCA TCA,PAS,BCA,CCA GCA TCA,PAS,BCA
ACA,T,1,AGT,AAA AGA ATA,RIK,D,ADA,AAA AGA ATA,KRI,ADA,FALSE,,,ADA,AAA AGA ATA,KRI,ADA,AAA AGA ATA,KRI,ADA
ACA,T,2,,,,A,ACA,,,,TRUE,ACT,T,ACT,,,,ACT,T,ACT
ACC,T,0,CGT,CCC GCC TCC,SAP,B,BCC,CCC GCC TCC,PAS,BCC,FALSE,,,BCC,CCC GCC TCC,PAS,BCC,CCC GCC TCC,PAS,BCC
ACC,T,1,AGT,AAC AGC ATC,NSI,D,ADC,AAC ATC,NI,AWC,FALSE,,,AWC,AAC ATC,NI,AWC,AAC ATC,NI,AWC
ACC,T,2,,,,C,ACC,,,,TRUE,ACT,T,ACT,,,,ACT,T,ACT
ACG,T,0,CGT,CCG GCG TCG,SAP,B,BCG,CCG GCG TCG,PAS,BCG,FALSE,,,BCG,CCG GCG TCG,PAS,BCG,CCG GCG TCG,PAS,BCG
ACG,T,1,AGT,AAG AGG ATG,RMK,D,ADG,AAG AGG ATG,KRM,ADG,FALSE,,,ADG,AAG AGG ATG,KRM,ADG,AAG AGG ATG,KRM,ADG
ACG,T,2,,,,G,ACG,,,,TRUE,ACT,T,ACT,,,,ACT,T,ACT
ACT,T,0,CGT,CCT GCT TCT,SAP,B,BCT,CCT GCT TCT,PAS,BCT,FALSE,,,BCT,CCT GCT TCT,PAS,BCT,CCT GCT TCT,PAS,BCT
ACT,T,1,AGT,AAT AGT ATT,NSI,D,ADT,AAT ATT,NI,AWT,FALSE,,,AWT,AAT ATT,NI,AWT,AAT ATT,NI,AWT
ACT,T,2,,,,T,ACT,,,,TRUE,ACA,T,ACA,,,,ACA,T,ACA
AGA,R,0,GT,GGA TGA,*G,K,KGA,GGA TGA,G*,KGA,FALSE,,,KGA,GGA,G,GGA,GGA,G,GGA
AGA,R,1,ACT,AAA ACA ATA,TIK,H,AHA,AAA ACA ATA,KTI,AHA,FALSE,,,AHA,AAA ACA ATA,KTI,AHA,AAA ACA ATA,KTI,AHA
AGA,R,2,CT,AGC AGT,S,Y,AGY,AGT,S,AGT,TRUE,AGG AGT,RS,AGK,AGT,S,AGT,AGG AGT,RS,AGK
AGC,S,0,CGT,CGC GGC TGC,RCG,B,BGC,GGC TGC,GC,KGC,FALSE,,,KGC,GGC TGC,GC,KGC,GGC TGC,GC,KGC
AGC,S,1,ACT,AAC ACC ATC,NTI,H,AHC,AAC ACC ATC,NTI,AHC,FALSE,,,AHC,AAC ACC ATC,NTI,AHC,AAC ACC ATC,NTI,AHC
AGC,S,2,AG,AGA AGG,R,R,AGR,AGA,R,AGA,TRUE,AGA AGT,RS,AGW,AGA,R,AGA,AGA AGT,RS,AGW
AGG,R,0,GT,GGG TGG,WG,K,KGG,GGG TGG,GW,KGG,FALSE,,,KGG,GGG TGG,GW,KGG,GGG TGG,GW,KGG
AGG,R,1,ACT,AAG ACG ATG,TMK,H,AHG,AAG ACG ATG,KTM,AHG,FALSE,,,AHG,AAG ACG ATG,KTM,AHG,AAG ACG ATG,KTM,AHG
AGG,R,2,CT,AGC AGT,S,Y,AGY,AGT,S,AGT,TRUE,AGA AGT,RS,AGW,AGT,S,AGT,AGA AGT,RS,AGW
AGT,S,0,CGT,CGT GGT TGT,RCG,B,BGT,GGT TGT,GC,KGT,FALSE,,,KGT,GGT TGT,GC,KGT,GGT TGT,GC,KGT
AGT,S,1,ACT,AAT ACT ATT,NTI,H,AHT,AAT ACT ATT,NTI,AHT,FALSE,,,AHT,AAT ACT ATT,NTI,AHT,AAT ACT ATT,NTI,AHT
AGT,S,2,AG,AGA AGG,R,R,AGR,AGA,R,AGA,TRUE,AGA AGC,RS,AGM,AGA,R,AGA,AGA AGC,RS,AGM
ATA,I,0,CGT,CTA GTA TTA,LV,B,BTA,TTA GTA,LV,KTA,FALSE,,,KTA,TTA GTA,LV,KTA,TTA GTA,LV,KTA
ATA,I,1,ACG,AAA ACA AGA,TRK,V,AVA,AAA ACA AGA,KTR,AVA,FALSE,,,AVA,AAA ACA AGA,KTR,AVA,AAA ACA AGA,KTR,AVA
ATA,I,2,G,ATG,M,G,ATG,ATG,M,ATG,TRUE,ATG ATT,MI,ATK,ATG,M,ATG,ATG ATT,MI,ATK
ATC,I,0,CGT,CTC GTC TTC,LFV,B,BTC,CTC GTC TTC,LVF,BTC,FALSE,,,BTC,CTC GTC TTC,LVF,BTC,CTC GTC TTC,LVF,BTC
ATC,I,1,ACG,AAC ACC AGC,NST,V,AVC,AAC ACC AGC,NTS,AVC,FALSE,,,AVC,AAC ACC AGC,NTS,AVC,AAC ACC AGC,NTS,AVC
ATC,I,2,G,ATG,M,G,ATG,ATG,M,ATG,TRUE,ATG ATT,MI,ATK,ATG,M,ATG,ATG ATT,MI,ATK
ATG,M,0,CGT,CTG GTG TTG,LV,B,BTG,TTA GTA,LV,KTG,FALSE,,,KTG,TTA GTA,LV,KTG,TTA GTA,LV,KTG
ATG,M,1,ACG,AAG ACG AGG,TRK,V,AVG,AAG ACG AGG,KTR,AVG,FALSE,,,AVG,AAG ACG AGG,KTR,AVG,AAG ACG AGG,KTR,AVG
ATG,M,2,ACT,ATA ATC ATT,I,H,ATH,ATT,I,ATT,TRUE,ATG ATT,MI,ATK,ATT,I,ATT,ATG ATT,MI,ATK
ATT,I,0,CGT,CTT GTT TTT,LFV,B,BTT,CTT GTT TTT,LVF,BTT,FALSE,,,BTT,CTT GTT TTT,LVF,BTT,CTT GTT TTT,LVF,BTT
ATT,I,1,ACG,AAT ACT AGT,NST,V,AVT,AAT ACT AGT,NTS,AVT,FALSE,,,AVT,AAT ACT AGT,NTS,AVT,AAT ACT AGT,NTS,AVT
ATT,I,2,G,ATG,M,G,ATG,ATG,M,ATG,TRUE,ATA ATG,IM,ATR,ATG,M,ATG,ATA ATG,IM,ATR
CAA,Q,0,AGT,AAA GAA TAA,*EK,D,DAA,AAA GAA TAA,KE*,DAA,FALSE,,,DAA,AAA GAA,KE,RAA,AAA GAA,KE,RAA
CAA,Q,1,CGT,CCA CGA CTA,RLP,B,CBA,CCA CGA CTA,PRL,CBA,FALSE,,,CBA,CCA CGA CTA,PRL,CBA,CCA CGA CTA,PRL,CBA
CAA,Q,2,CT,CAC CAT,H,Y,CAY,CAT,H,CAT,TRUE,CAG CAT,QH,CAK,CAT,H,CAT,CAG CAT,QH,CAK
CAC,H,0,AGT,AAC GAC TAC,NDY,D,DAC,AAC GAC TAC,NDY,DAC,FALSE,,,DAC,AAC GAC TAC,NDY,DAC,AAC GAC TAC,NDY,DAC
CAC,H,1,CGT,CCC CGC CTC,RLP,B,CBC,CCC CGC CTC,PRL,CBC,FALSE,,,CBC,CCC CGC CTC,PRL,CBC,CCC CGC CTC,PRL,CBC
CAC,H,2,AG,CAA CAG,Q,R,CAR,CAA,Q,CAA,TRUE,CAA CAT,QH,CAW,CAA,Q,CAA,CAA CAT,QH,CAW
CAG,Q,0,AGT,AAG GAG TAG,*EK,D,DAG,AAG GAG TAG,KE*,DAG,FALSE,,,DAG,AAG GAG,KE,RAG,AAG GAG,KE,RAG
CAG,Q,1,CGT,CCG CGG CTG,RLP,B,CBG,CCG CGG CTG,PRL,CBG,FALSE,,,CBG,CCG CGG CTG,PRL,CBG,CCG CGG CTG,PRL,CBG
CAG,Q,2,CT,CAC CAT,H,Y,CAY,CAT,H,CAT,TRUE,CAA CAT,QH,CAW,CAT,H,CAT,CAA CAT,QH,CAW
CAT,H,0,AGT,AAT GAT TAT,NDY,D,DAT,AAT GAT TAT,NDY,DAT,FALSE,,,DAT,AAT GAT TAT,NDY,DAT,AAT GAT TAT,NDY,DAT
CAT,H,1,CGT,CCT CGT CTT,RLP,B,CBT,CCT CGT CTT,PRL,CBT,FALSE,,,CBT,CCT CGT CTT,PRL,CBT,CCT CGT CTT,PRL,CBT
CAT,H,2,AG,CAA CAG,Q,R,CAR,CAA,Q,CAA,TRUE,CAA CAC,QH,CAM,CAA,Q,CAA,CAA CAC,QH,CAM
CCA,P,0,AGT,ACA GCA TCA,TSA,D,DCA,ACA GCA TCA,TAS,DCA,FALSE,,,DCA,ACA GCA TCA,TAS,DCA,ACA GCA TCA,TAS,DCA
CCA,P,1,AGT,CAA CGA CTA,RQL,D,CDA,CAA CGA CTA,QRL,CDA,FALSE,,,CDA,CAA CGA CTA,QRL,CDA,CAA CGA CTA,QRL,CDA
CCA,P,2,,,,A,CCA,,,,TRUE,CCT,P,CCT,,,,CCT,P,CCT
CCC,P,0,AGT,ACC GCC TCC,TSA,D,DCC,ACC GCC TCC,TAS,DCC,FALSE,,,DCC,ACC GCC TCC,TAS,DCC,ACC GCC TCC,TAS,DCC
CCC,P,1,AGT,CAC CGC CTC,RHL,D,CDC,CAC CGC CTC,HRL,CDC,FALSE,,,CDC,CAC CGC CTC,HRL,CDC,CAC CGC CTC,HRL,CDC
CCC,P,2,,,,C,CCC,,,,TRUE,CCA,P,CCA,,,,CCA,P,CCA
CCG,P,0,AGT,ACG GCG TCG,TSA,D,DCG,ACG GCG TCG,TAS,DCG,FALSE,,,DCG,ACG GCG TCG,TAS,DCG,ACG GCG TCG,TAS,DCG
CCG,P,1,AGT,CAG CGG CTG,RQL,D,CDG,CAG CGG CTG,QRL,CDG,FALSE,,,CDG,CAG CGG CTG,QRL,CDG,CAG CGG CTG,QRL,CDG
CCG,P,2,,,,G,CCG,,,,TRUE,CCA,P,CCA,,,,CCA,P,CCA
CCT,P,0,AGT,ACT GCT TCT,TSA,D,DCT,ACT GCT TCT,TAS,DCT,FALSE,,,DCT,ACT GCT TCT,TAS,DCT,ACT GCT TCT,TAS,DCT
CCT,P,1,AGT,CAT CGT CTT,RHL,D,CDT,CAT CGT CTT,HRL,CDT,FALSE,,,CDT,CAT CGT CTT,HRL,CDT,CAT CGT CTT,HRL,CDT
CCT,P,2,,,,T,CCT,,,,TRUE,CCA,P,CCA,,,,CCA,P,CCA
CGA,R,0,GT,GGA TGA,*G,K,KGA,GGA TGA,G*,KGA,TRUE,AGA GGA TGA,RG*,DGA,GGA,G,GGA,AGA GGA,RG,RGA
CGA,R,1,ACT,CAA CCA CTA,LQP,H,CHA,CAA CCA CTA,QPL,CHA,FALSE,,,CHA,CAA CCA CTA,QPL,CHA,CAA CCA CTA,QPL,CHA
CGA,R,2,,,,A,CGA,,,,FALSE,,,,,,,,,
CGC,R,0,AGT,AGC GGC TGC,SCG,D,DGC,AGC GGC TGC,SGC,DGC,FALSE,,,DGC,AGC GGC TGC,SGC,DGC,AGC GGC TGC,SGC,DGC
CGC,R,1,ACT,CAC CCC CTC,LHP,H,CHC,CAC CCC CTC,HPL,CHC,FALSE,,,CHC,CAC CCC CTC,HPL,CHC,CAC CCC CTC,HPL,CHC
CGC,R,2,,,,C,CGC,,,,TRUE,CGT,R,CGT,,,,CGT,R,CGT
CGG,R,0,GT,GGG TGG,WG,K,KGG,GGG TGG,GW,KGG,TRUE,AGG GGG TGG,RGW,DGG,GGG TGG,GW,KGG,AGG GGG TGG,RGW,DGG
CGG,R,1,ACT,CAG CCG CTG,LQP,H,CHG,CAG CCG CTG,QPL,CHG,FALSE,,,CHG,CAG CCG CTG,QPL,CHG,CAG CCG CTG,QPL,CHG
CGG,R,2,,,,G,CGG,,,,FALSE,,,,,,,,,
CGT,R,0,AGT,AGT GGT TGT,SCG,D,DGT,AGT GGT TGT,SGC,DGT,FALSE,,,DGT,AGT GGT TGT,SGC,DGT,AGT GGT TGT,SGC,DGT
CGT,R,1,ACT,CAT CCT CTT,LHP,H,CHT,CAT CCT CTT,HPL,CHT,FALSE,,,CHT,CAT CCT CTT,HPL,CHT,CAT CCT CTT,HPL,CHT
CGT,R,2,,,,T,CGT,,,,TRUE,CGA,R,CGA,,,,CGA,R,CGA
CTA,L,0,AG,ATA GTA,IV,R,RTA,ATA GTA,IV,RTA,TRUE,ATA GTA TTA,IVL,DTA,ATA GTA,IV,RTA,ATA GTA TTA,IVL,DTA
CTA,L,1,ACG,CAA CCA CGA,RQP,V,CVA,CAA CCA CGA,QPR,CVA,FALSE,,,CVA,CAA CCA CGA,QPR,CVA,CAA CCA CGA,QPR,CVA
CTA,L,2,,,,A,CTA,,,,FALSE,,,,,,,,,
CTC,L,0,AGT,ATC GTC TTC,FIV,D,DTC,ATC GTC TTC,IVF,DTC,FALSE,,,DTC,ATC GTC TTC,IVF,DTC,ATC GTC TTC,IVF,DTC
CTC,L,1,ACG,CAC CCC CGC,RHP,V,CVC,CAC CCC CGC,HPR,CVC,FALSE,,,CVC,CAC CCC CGC,HPR,CVC,CAC CCC CGC,HPR,CVC
CTC,L,2,,,,C,CTC,,,,TRUE,CTA,L,CTA,,,,CTA,L,CTA
CTG,L,0,AG,ATG GTG,VM,R,RTG,ATG GTG,MV,RTG,TRUE,ATG GTG TTG,MVL,DTG,ATG GTG,MV,RTG,ATG GTG TTG,MVL,DTG
CTG,L,1,ACG,CAG CCG CGG,RQP,V,CVG,CAG CCG CGG,QPR,CVG,FALSE,,,CVG,CAG CCG CGG,QPR,CVG,CAG CCG CGG,QPR,CVG
CTG,L,2,,,,G,CTG,,,,FALSE,,,,,,,,,
CTT,L,0,AGT,ATT GTT TTT,FIV,D,DTT,ATT GTT TTT,IVF,DTT,FALSE,,,DTT,ATT GTT TTT,IVF,DTT,ATT GTT TTT,IVF,DTT
CTT,L,1,ACG,CAT CCT CGT,RHP,V,CVT,CAT CCT CGT,HPR,CVT,FALSE,,,CVT,CAT CCT CGT,HPR,CVT,CAT CCT CGT,HPR,CVT
CTT,L,2,,,,T,CTT,,,,TRUE,CTA,L,CTA,,,,CTA,L,CTA
GAA,E,0,ACT,AAA CAA TAA,*QK,H,HAA,AAA CAA TAA,KQ*,HAA,FALSE,,,HAA,AAA CAA,KQ,MAA,AAA CAA,KQ,MAA
GAA,E,1,CGT,GCA GGA GTA,VAG,B,GBA,GCA GGA GTA,AGV,GBA,FALSE,,,GBA,GCA GGA GTA,AGV,GBA,GCA GGA GTA,AGV,GBA
GAA,E,2,CT,GAC GAT,D,Y,GAY,GAT,D,GAT,TRUE,GAG GAT,ED,GAK,GAT,D,GAT,GAG GAT,ED,GAK
GAC,D,0,ACT,AAC CAC TAC,NHY,H,HAC,AAC CAC TAC,NHY,HAC,FALSE,,,HAC,AAC CAC TAC,NHY,HAC,AAC CAC TAC,NHY,HAC
GAC,D,1,CGT,GCC GGC GTC,VAG,B,GBC,GCC GGC GTC,AGV,GBC,FALSE,,,GBC,GCC GGC GTC,AGV,GBC,GCC GGC GTC,AGV,GBC
GAC,D,2,AG,GAA GAG,E,R,GAR,GAA,E,GAA,TRUE,GAA GAT,ED,GAW,GAA,E,GAA,GAA GAT,ED,GAW
GAG,E,0,ACT,AAG CAG TAG,*QK,H,HAG,AAG CAG TAG,KQ*,HAG,FALSE,,,HAG,AAG CAG,KQ,MAG,AAG CAG,KQ,MAG
GAG,E,1,CGT,GCG GGG GTG,VAG,B,GBG,GCG GGG GTG,AGV,GBG,FALSE,,,GBG,GCG GGG GTG,AGV,GBG,GCG GGG GTG,AGV,GBG
GAG,E,2,CT,GAC GAT,D,Y,GAY,GAT,D,GAT,TRUE,GAA GAT,ED,GAW,GAT,D,GAT,GAA GAT,ED,GAW
GAT,D,0,ACT,AAT CAT TAT,NHY,H,HAT,AAT CAT TAT,NHY,HAT,FALSE,,,HAT,AAT CAT TAT,NHY,HAT,AAT CAT TAT,NHY,HAT
GAT,D,1,CGT,GCT GGT GTT,VAG,B,GBT,GCT GGT GTT,AGV,GBT,FALSE,,,GBT,GCT GGT GTT,AGV,GBT,GCT GGT GTT,AGV,GBT
GAT,D,2,AG,GAA GAG,E,R,GAR,GAA,E,GAA,TRUE,GAA GAC,ED,GAM,GAA,E,GAA,GAA GAC,ED,GAM
GCA,A,0,ACT,ACA CCA TCA,TSP,H,HCA,ACA CCA TCA,TPS,HCA,FALSE,,,HCA,ACA CCA TCA,TPS,HCA,ACA CCA TCA,TPS,HCA
GCA,A,1,AGT,GAA GGA GTA,GVE,D,GDA,GAA GGA GTA,EGV,GDA,FALSE,,,GDA,GAA GGA GTA,EGV,GDA,GAA GGA GTA,EGV,GDA
GCA,A,2,,,,A,GCA,,,,TRUE,GCT,A,GCT,,,,GCT,A,GCT
GCC,A,0,ACT,ACC CCC TCC,TSP,H,HCC,ACC CCC TCC,TPS,HCC,FALSE,,,HCC,ACC CCC TCC,TPS,HCC,ACC CCC TCC,TPS,HCC
GCC,A,1,AGT,GAC GGC GTC,VDG,D,GDC,GAC GGC GTC,DGV,GDC,FALSE,,,GDC,GAC GGC GTC,DGV,GDC,GAC GGC GTC,DGV,GDC
GCC,A,2,,,,C,GCC,,,,TRUE,GCT,A,GCT,,,,GCT,A,GCT
GCG,A,0,ACT,ACG CCG TCG,TSP,H,HCG,ACG CCG TCG,TPS,HCG,FALSE,,,HCG,ACG CCG TCG,TPS,HCG,ACG CCG TCG,TPS,HCG
GCG,A,1,AGT,GAG GGG GTG,GVE,D,GDG,GAG GGG GTG,EGV,GDG,FALSE,,,GDG,GAG GGG GTG,EGV,GDG,GAG GGG GTG,EGV,GDG
GCG,A,2,,,,G,GCG,,,,TRUE,GCT,A,GCT,,,,GCT,A,GCT
GCT,A,0,ACT,ACT CCT TCT,TSP,H,HCT,ACT CCT TCT,TPS,HCT,FALSE,,,HCT,ACT CCT TCT,TPS,HCT,ACT CCT TCT,TPS,HCT
GCT,A,1,AGT,GAT GGT GTT,VDG,D,GDT,GAT GGT GTT,DGV,GDT,FALSE,,,GDT,GAT GGT GTT,DGV,GDT,GAT GGT GTT,DGV,GDT
GCT,A,2,,,,T,GCT,,,,TRUE,GCA,A,GCA,,,,GCA,A,GCA
GGA,G,0,ACT,AGA CGA TGA,R*,H,HGA,AGA TGA,R*,WGA,FALSE,,,WGA,AGA,R,AGA,AGA,R,AGA
GGA,G,1,ACT,GAA GCA GTA,VAE,H,GHA,GAA GCA GTA,EAV,GHA,FALSE,,,GHA,GAA GCA GTA,EAV,GHA,GAA GCA GTA,EAV,GHA
GGA,G,2,,,,A,GGA,,,,TRUE,GGT,G,GGT,,,,GGT,G,GGT
GGC,G,0,ACT,AGC CGC TGC,RSC,H,HGC,AGC CGC TGC,SRC,HGC,FALSE,,,HGC,AGC CGC TGC,SRC,HGC,AGC CGC TGC,SRC,HGC
GGC,G,1,ACT,GAC GCC GTC,ADV,H,GHC,GAC GCC GTC,DAV,GHC,FALSE,,,GHC,GAC GCC GTC,DAV,GHC,GAC GCC GTC,DAV,GHC
GGC,G,2,,,,C,GGC,,,,TRUE,GGT,G,GGT,,,,GGT,G,GGT
GGG,G,0,ACT,AGG CGG TGG,RW,H,HGG,AGG TGG,RW,WGG,FALSE,,,WGG,AGG TGG,RW,WGG,AGG TGG,RW,WGG
GGG,G,1,ACT,GAG GCG GTG,VAE,H,GHG,GAG GCG GTG,EAV,GHG,FALSE,,,GHG,GAG GCG GTG,EAV,GHG,GAG GCG GTG,EAV,GHG
GGG,G,2,,,,G,GGG,,,,TRUE,GGT,G,GGT,,,,GGT,G,GGT
GGT,G,0,ACT,AGT CGT TGT,RSC,H,HGT,AGT CGT TGT,SRC,HGT,FALSE,,,HGT,AGT CGT TGT,SRC,HGT,AGT CGT TGT,SRC,HGT
GGT,G,1,ACT,GAT GCT GTT,ADV,H,GHT,GAT GCT GTT,DAV,GHT,FALSE,,,GHT,GAT GCT GTT,DAV,GHT,GAT GCT GTT,DAV,GHT
GGT,G,2,,,,T,GGT,,,,TRUE,GGA,G,GGA,,,,GGA,G,GGA
GTA,V,0,ACT,ATA CTA TTA,LI,H,HTA,ATA TTA,IL,WTA,FALSE,,,WTA,ATA TTA,IL,WTA,ATA TTA,IL,WTA
GTA,V,1,ACG,GAA GCA GGA,GAE,V,GVA,GAA GCA GGA,EAG,GVA,FALSE,,,GVA,GAA GCA GGA,EAG,GVA,GAA GCA GGA,EAG,GVA
GTA,V,2,,,,A,GTA,,,,TRUE,GTT,V,GTT,,,,GTT,V,GTT
GTC,V,0,ACT,ATC CTC TTC,LFI,H,HTC,ATC CTC TTC,ILF,HTC,FALSE,,,HTC,ATC CTC TTC,ILF,HTC,ATC CTC TTC,ILF,HTC
GTC,V,1,ACG,GAC GCC GGC,ADG,V,GVC,GAC GCC GGC,DAG,GVC,FALSE,,,GVC,GAC GCC GGC,DAG,GVC,GAC GCC GGC,DAG,GVC
GTC,V,2,,,,C,GTC,,,,TRUE,GTT,V,GTT,,,,GTT,V,GTT
GTG,V,0,ACT,ATG CTG TTG,LM,H,HTG,ATG TTG,ML,WTG,FALSE,,,WTG,ATG TTG,ML,WTG,ATG TTG,ML,WTG
GTG,V,1,ACG,GAG GCG GGG,GAE,V,GVG,GAG GCG GGG,EAG,GVG,FALSE,,,GVG,GAG GCG GGG,EAG,GVG,GAG GCG GGG,EAG,GVG
GTG,V,2,,,,G,GTG,,,,TRUE,GTT,V,GTT,,,,GTT,V,GTT
GTT,V,0,ACT,ATT CTT TTT,LFI,H,HTT,ATT CTT TTT,ILF,HTT,FALSE,,,HTT,ATT CTT TTT,ILF,HTT,ATT CTT TTT,ILF,HTT
GTT,V,1,ACG,GAT GCT GGT,ADG,V,GVT,GAT GCT GGT,DAG,GVT,FALSE,,,GVT,GAT GCT GGT,DAG,GVT,GAT GCT GGT,DAG,GVT
GTT,V,2,,,,T,GTT,,,,TRUE,GTA,V,GTA,,,,GTA,V,GTA
TAA,*,0,ACG,AAA CAA GAA,QEK,V,VAA,AAA CAA GAA,KQE,VAA,FALSE,,,VAA,AAA CAA GAA,KQE,VAA,AAA CAA GAA,KQE,VAA
TAA,*,1,CT,TCA TTA,LS,Y,TYA,TCA TTA,SL,TYA,FALSE,,,TYA,TCA TTA,SL,TYA,TCA TTA,SL,TYA
TAA,*,2,CT,TAC TAT,Y,Y,TAY,TAT,Y,TAT,TRUE,TAG TAT,*Y,TAK,TAT,Y,TAT,TAT,Y,TAT
TAC,Y,0,ACG,AAC CAC GAC,NHD,V,VAC,AAC CAC GAC,NHD,VAC,FALSE,,,VAC,AAC CAC GAC,NHD,VAC,AAC CAC GAC,NHD,VAC
TAC,Y,1,CGT,TCC TGC TTC,SFC,B,TBC,TCC TGC TTC,SCF,TBC,FALSE,,,TBC,TCC TGC TTC,SCF,TBC,TCC TGC TTC,SCF,TBC
TAC,Y,2,AG,TAA TAG,*,R,TAR,TAA,*,TAA,TRUE,TAA TAT,*Y,TAW,,,,TAT,Y,TAT
TAG,*,0,ACG,AAG CAG GAG,QEK,V,VAG,AAG CAG GAG,KQE,VAG,FALSE,,,VAG,AAG CAG GAG,KQE,VAG,AAG CAG GAG,KQE,VAG
TAG,*,1,CGT,TCG TGG TTG,LSW,B,TBG,TCG TGG TTG,SWL,TBG,FALSE,,,TBG,TCG TGG TTG,SWL,TBG,TCG TGG TTG,SWL,TBG
TAG,*,2,CT,TAC TAT,Y,Y,TAY,TAT,Y,TAT,TRUE,TAA TAT,*Y,TAW,TAT,Y,TAT,TAT,Y,TAT
TAT,Y,0,ACG,AAT CAT GAT,NHD,V,VAT,AAT CAT GAT,NHD,VAT,FALSE,,,VAT,AAT CAT GAT,NHD,VAT,AAT CAT GAT,NHD,VAT
TAT,Y,1,CGT,TCT TGT TTT,SFC,B,TBT,TCT TGT TTT,SCF,TBT,FALSE,,,TBT,TCT TGT TTT,SCF,TBT,TCT TGT TTT,SCF,TBT
TAT,Y,2,AG,TAA TAG,*,R,TAR,TAA,*,TAA,TRUE,TAA TAC,*Y,TAM,,,,TAC,Y,TAC
TCA,S,0,ACG,ACA CCA GCA,TAP,V,VCA,ACA CCA GCA,TPA,VCA,FALSE,,,VCA,ACA CCA GCA,TPA,VCA,ACA CCA GCA,TPA,VCA
TCA,S,1,AGT,TAA TGA TTA,L*,D,TDA,TAA TTA,*L,TWA,FALSE,,,TWA,TTA,L,TTA,TTA,L,TTA
TCA,S,2,,,,A,TCA,,,,TRUE,TCT,S,TCT,,,,TCT,S,TCT
TCC,S,0,ACG,ACC CCC GCC,TAP,V,VCC,ACC CCC GCC,TPA,VCC,FALSE,,,VCC,ACC CCC GCC,TPA,VCC,ACC CCC GCC,TPA,VCC
TCC,S,1,AGT,TAC TGC TTC,FCY,D,TDC,TAC TGC TTC,YCF,TDC,FALSE,,,TDC,TAC TGC TTC,YCF,TDC,TAC TGC TTC,YCF,TDC
TCC,S,2,,,,C,TCC,,,,TRUE,TCT,S,TCT,,,,TCT,S,TCT
TCG,S,0,ACG,ACG CCG GCG,TAP,V,VCG,ACG CCG GCG,TPA,VCG,FALSE,,,VCG,ACG CCG GCG,TPA,VCG,ACG CCG GCG,TPA,VCG
TCG,S,1,AGT,TAG TGG TTG,L*W,D,TDG,TAG TGG TTG,*WL,TDG,FALSE,,,TDG,TGG TTG,WL,TKG,TGG TTG,WL,TKG
TCG,S,2,,,,G,TCG,,,,TRUE,TCT,S,TCT,,,,TCT,S,TCT
TCT,S,0,ACG,ACT CCT GCT,TAP,V,VCT,ACT CCT GCT,TPA,VCT,FALSE,,,VCT,ACT CCT GCT,TPA,VCT,ACT CCT GCT,TPA,VCT
TCT,S,1,AGT,TAT TGT TTT,FCY,D,TDT,TAT TGT TTT,YCF,TDT,FALSE,,,TDT,TAT TGT TTT,YCF,TDT,TAT TGT TTT,YCF,TDT
TCT,S,2,,,,T,TCT,,,,TRUE,TCA,S,TCA,,,,TCA,S,TCA
TGA,*,0,ACG,AGA CGA GGA,RG,V,VGA,AGA GGA,RG,RGA,FALSE,,,RGA,AGA GGA,RG,RGA,AGA GGA,RG,RGA
TGA,*,1,CT,TCA TTA,LS,Y,TYA,TCA TTA,SL,TYA,TRUE,TAA TCA TTA,*SL,THA,TCA TTA,SL,TYA,TCA TTA,SL,TYA
TGA,*,2,CGT,TGC TGG TGT,CW,B,TGB,TGT TGG,CW,TGK,FALSE,,,TGK,TGT TGG,CW,TGK,TGT TGG,CW,TGK
TGC,C,0,ACG,AGC CGC GGC,RSG,V,VGC,CGC GGC,RG,SGC,FALSE,,,SGC,CGC GGC,RG,SGC,CGC GGC,RG,SGC
TGC,C,1,ACT,TAC TCC TTC,SFY,H,THC,TAC TCC TTC,YSF,THC,FALSE,,,THC,TAC TCC TTC,YSF,THC,TAC TCC TTC,YSF,THC
TGC,C,2,AG,TGA TGG,*W,R,TGR,TGA TGG,*W,TGR,TRUE,TGA TGG TGT,*WC,TGD,TGG,W,TGG,TGG TGT,WC,TGK
TGG,W,0,ACG,AGG CGG GGG,RG,V,VGG,AGG GGG,RG,RGG,FALSE,,,RGG,AGG GGG,RG,RGG,AGG GGG,RG,RGG
TGG,W,1,ACT,TAG TCG TTG,L*S,H,THG,TCG TTG,SL,TYG,FALSE,,,THG,TCG TTG,SL,TYG,TCG TTG,SL,TYG
TGG,W,2,ACT,TGA TGC TGT,*C,H,TGH,TGA TGC,*C,TGM,TRUE,TGC TGG TGA,CW*,TGV,TGC,C,TGC,TGC TGG,CW,TGS
TGT,C,0,ACG,AGT CGT GGT,RSG,V,VGT,CGT GGT,RG,SGT,FALSE,,,SGT,CGT GGT,RG,SGT,CGT GGT,RG,SGT
TGT,C,1,ACT,TAT TCT TTT,SFY,H,THT,TAT TCT TTT,YSF,THT,FALSE,,,THT,TAT TCT TTT,YSF,THT,TAT TCT TTT,YSF,THT
TGT,C,2,AG,TGA TGG,*W,R,TGR,TGA TGG,*W,TGR,TRUE,TGA TGC TGG,*CW,TGV,TGG,W,TGG,TGC TGG,CW,TGS
TTA,L,0,AG,ATA GTA,IV,R,RTA,ATA GTA,IV,RTA,FALSE,,,RTA,ATA GTA,IV,RTA,ATA GTA,IV,RTA
TTA,L,1,ACG,TAA TCA TGA,*S,V,TVA,TAA TCA,*S,TMA,FALSE,,,TMA,TCA,S,TCA,TCA,S,TCA
TTA,L,2,CT,TTC TTT,F,Y,TTY,TTT,F,TTT,TRUE,TTG TTT,LF,TTK,TTT,F,TTT,TTG TTT,LF,TTK
TTC,F,0,ACG,ATC CTC GTC,LIV,V,VTC,ATC GTC,IV,RTC,FALSE,,,RTC,ATC GTC,IV,RTC,ATC GTC,IV,RTC
TTC,F,1,ACG,TAC TCC TGC,SCY,V,TVC,TAC TCC TGC,YSC,TVC,FALSE,,,TVC,TAC TCC TGC,YSC,TVC,TAC TCC TGC,YSC,TVC
TTC,F,2,AG,TTA TTG,L,R,TTR,TTG,L,TTG,TRUE,TTG TTT,LF,TTK,TTG,L,TTG,TTG TTT,LF,TTK
TTG,L,0,AG,ATG GTG,VM,R,RTG,ATG GTG,MV,RTG,FALSE,,,RTG,ATG GTG,MV,RTG,ATG GTG,MV,RTG
TTG,L,1,ACG,TAG TCG TGG,*SW,V,TVG,TAG TCG TGG,*SW,TVG,FALSE,,,TVG,TCG TGG,SW,TSG,TCG TGG,SW,TSG
TTG,L,2,CT,TTC TTT,F,Y,TTY,TTT,F,TTT,TRUE,TTA TTT,LF,TTW,TTT,F,TTT,TTA TTT,LF,TTW
TTT,F,0,ACG,ATT CTT GTT,LIV,V,VTT,ATT GTT,IV,RTT,FALSE,,,RTT,ATT GTT,IV,RTT,ATT GTT,IV,RTT
TTT,F,1,ACG,TAT TCT TGT,SCY,V,TVT,TAT TCT TGT,YSC,TVT,FALSE,,,TVT,TAT TCT TGT,YSC,TVT,TAT TCT TGT,YSC,TVT
TTT,F,2,AG,TTA TTG,L,R,TTR,TTG,L,TTG,TRUE,TTC TTG,FL,TTS,TTG,L,TTG,TTC TTG,FL,TTS