codon,aa,position,all_missense_aa,all_missense_nucleotides,all_missense_codons,all_iupac,all_iupac_codon,sele_missense_codons,syn_iupac_codon,syn_codon,sele_missense_nucleotides,sele_iupac,sele_iupac_codon,sele_aa,syn_aa,syn_missense_codons,no_stop_codons,no_stop_iupac,no_stop_iupac_codon,no_stop_nucleotides,no_stop_aa
AAA,K,0,*QE,CGT,CAA GAA TAA,B,BAA,CAA GAA TAA,BAA,,CGT,B,BAA,QE*,*QE,CAA GAA TAA,CAA GAA,S,SAA,CG,QE
AAA,K,1,TRI,CGT,ACA AGA ATA,B,ABA,ACA AGA ATA,ABA,,CGT,B,ABA,TRI,RTI,ACA AGA ATA,ACA AGA ATA,B,ABA,CGT,TRI
AAA,K,2,N,CT,AAC AAT,Y,AAY,AAT,AAK,AAG,T,T,AAT,N,KN,AAG AAT,AAT,T,AAT,T,N
AAC,N,0,HDY,CGT,CAC GAC TAC,B,BAC,CAC GAC TAC,BAC,,CGT,B,BAC,HDY,DYH,CAC GAC TAC,CAC GAC TAC,B,BAC,CGT,HDY
AAC,N,1,TSI,CGT,ACC AGC ATC,B,ABC,ACC AGC ATC,ABC,,CGT,B,ABC,TSI,STI,ACC AGC ATC,ACC AGC ATC,B,ABC,CGT,TSI
AAC,N,2,K,AG,AAA AAG,R,AAR,AAA,AAW,AAT,A,A,AAA,K,KN,AAA AAT,AAA,A,AAA,A,K
AAG,K,0,*QE,CGT,CAG GAG TAG,B,BAG,CAG GAG TAG,BAG,,CGT,B,BAG,QE*,*QE,CAG GAG TAG,CAG GAG,S,SAG,CG,QE
AAG,K,1,TRM,CGT,ACG AGG ATG,B,ABG,ACG AGG ATG,ABG,,CGT,B,ABG,TRM,RTM,ACG AGG ATG,ACG AGG ATG,B,ABG,CGT,TRM
AAG,K,2,N,CT,AAC AAT,Y,AAY,AAT,AAW,AAA,T,T,AAT,N,KN,AAA AAT,AAT,T,AAT,T,N
AAT,N,0,HDY,CGT,CAT GAT TAT,B,BAT,CAT GAT TAT,BAT,,CGT,B,BAT,HDY,DYH,CAT GAT TAT,CAT GAT TAT,B,BAT,CGT,HDY
AAT,N,1,TSI,CGT,ACT AGT ATT,B,ABT,ACT AGT ATT,ABT,,CGT,B,ABT,TSI,STI,ACT AGT ATT,ACT AGT ATT,B,ABT,CGT,TSI
AAT,N,2,K,AG,AAA AAG,R,AAR,AAA,AAM,AAC,A,A,AAA,K,KN,AAA AAC,AAA,A,AAA,A,K
ACA,T,0,SAP,CGT,CCA GCA TCA,B,BCA,CCA GCA TCA,BCA,,CGT,B,BCA,PAS,ASP,CCA GCA TCA,CCA GCA TCA,B,BCA,CGT,PAS
ACA,T,1,RIK,AGT,AAA AGA ATA,D,ADA,AAA AGA ATA,ADA,,AGT,D,ADA,KRI,KRI,AAA AGA ATA,AAA AGA ATA,D,ADA,AGT,KRI
ACA,T,2,,,,A,ACA,,ACT,,,,,,T,ACT,,,,,
ACC,T,0,SAP,CGT,CCC GCC TCC,B,BCC,CCC GCC TCC,BCC,,CGT,B,BCC,PAS,ASP,CCC GCC TCC,CCC GCC TCC,B,BCC,CGT,PAS
ACC,T,1,NSI,AGT,AAC AGC ATC,D,ADC,AAC ATC,ADC,,AT,W,AWC,NI,NSI,AAC AGC ATC,AAC ATC,W,AWC,AT,NI
ACC,T,2,,,,C,ACC,,ACT,,,,,,T,ACT,,,,,
ACG,T,0,SAP,CGT,CCG GCG TCG,B,BCG,CCG GCG TCG,BCG,,CGT,B,BCG,PAS,ASP,CCG GCG TCG,CCG GCG TCG,B,BCG,CGT,PAS
ACG,T,1,RMK,AGT,AAG AGG ATG,D,ADG,AAG AGG ATG,ADG,,AGT,D,ADG,KRM,KMR,AAG AGG ATG,AAG AGG ATG,D,ADG,AGT,KRM
ACG,T,2,,,,G,ACG,,ACT,,,,,,T,ACT,,,,,
ACT,T,0,SAP,CGT,CCT GCT TCT,B,BCT,CCT GCT TCT,BCT,,CGT,B,BCT,PAS,ASP,CCT GCT TCT,CCT GCT TCT,B,BCT,CGT,PAS
ACT,T,1,NSI,AGT,AAT AGT ATT,D,ADT,AAT ATT,ADT,,AT,W,AWT,NI,NSI,AAT AGT ATT,AAT ATT,W,AWT,AT,NI
ACT,T,2,,,,T,ACT,,ACA,,,,,,T,ACA,,,,,
AGA,R,0,*G,GT,GGA TGA,K,KGA,GGA TGA,KGA,,GT,K,KGA,G*,*G,GGA TGA,GGA,G,GGA,G,G
AGA,R,1,TIK,ACT,AAA ACA ATA,H,AHA,AAA ACA ATA,AHA,,ACT,H,AHA,KTI,KTI,AAA ACA ATA,AAA ACA ATA,H,AHA,ACT,KTI
AGA,R,2,S,CT,AGC AGT,Y,AGY,AGT,AGK,AGG,T,T,AGT,S,RS,AGG AGT,AGT,T,AGT,T,S
AGC,S,0,RCG,CGT,CGC GGC TGC,B,BGC,GGC TGC,BGC,,GT,K,KGC,GC,RCG,CGC GGC TGC,GGC TGC,K,KGC,GT,GC
AGC,S,1,NTI,ACT,AAC ACC ATC,H,AHC,AAC ACC ATC,AHC,,ACT,H,AHC,NTI,NTI,AAC ACC ATC,AAC ACC ATC,H,AHC,ACT,NTI
AGC,S,2,R,AG,AGA AGG,R,AGR,AGA,AGW,AGT,A,A,AGA,R,RS,AGA AGT,AGA,A,AGA,A,R
AGG,R,0,WG,GT,GGG TGG,K,KGG,GGG TGG,KGG,,GT,K,KGG,GW,WG,GGG TGG,GGG TGG,K,KGG,GT,GW
AGG,R,1,TMK,ACT,AAG ACG ATG,H,AHG,AAG ACG ATG,AHG,,ACT,H,AHG,KTM,KTM,AAG ACG ATG,AAG ACG ATG,H,AHG,ACT,KTM
AGG,R,2,S,CT,AGC AGT,Y,AGY,AGT,AGW,AGA,T,T,AGT,S,RS,AGA AGT,AGT,T,AGT,T,S
AGT,S,0,RCG,CGT,CGT GGT TGT,B,BGT,GGT TGT,BGT,,GT,K,KGT,GC,RCG,CGT GGT TGT,GGT TGT,K,KGT,GT,GC
AGT,S,1,NTI,ACT,AAT ACT ATT,H,AHT,AAT ACT ATT,AHT,,ACT,H,AHT,NTI,NTI,AAT ACT ATT,AAT ACT ATT,H,AHT,ACT,NTI
AGT,S,2,R,AG,AGA AGG,R,AGR,AGA,AGM,AGC,A,A,AGA,R,RS,AGA AGC,AGA,A,AGA,A,R
ATA,I,0,LV,CGT,CTA GTA TTA,B,BTA,TTA GTA,BTA,,TG,K,KTA,LV,VL,CTA GTA TTA,TTA GTA,K,KTA,TG,LV
ATA,I,1,TRK,ACG,AAA ACA AGA,V,AVA,AAA ACA AGA,AVA,,ACG,V,AVA,KTR,KTR,AAA ACA AGA,AAA ACA AGA,V,AVA,ACG,KTR
ATA,I,2,M,G,ATG,G,ATG,ATG,ATK,ATT,G,G,ATG,M,MI,ATG ATT,ATG,G,ATG,G,M
ATC,I,0,LFV,CGT,CTC GTC TTC,B,BTC,CTC GTC TTC,BTC,,CGT,B,BTC,LVF,VFL,CTC GTC TTC,CTC GTC TTC,B,BTC,CGT,LVF
ATC,I,1,NST,ACG,AAC ACC AGC,V,AVC,AAC ACC AGC,AVC,,ACG,V,AVC,NTS,NTS,AAC ACC AGC,AAC ACC AGC,V,AVC,ACG,NTS
ATC,I,2,M,G,ATG,G,ATG,ATG,ATK,ATT,G,G,ATG,M,MI,ATG ATT,ATG,G,ATG,G,M
ATG,M,0,LV,CGT,CTG GTG TTG,B,BTG,TTA GTA,BTG,,TG,K,KTG,LV,VL,CTG GTG TTG,TTA GTA,K,KTG,TG,LV
ATG,M,1,TRK,ACG,AAG ACG AGG,V,AVG,AAG ACG AGG,AVG,,ACG,V,AVG,KTR,KTR,AAG ACG AGG,AAG ACG AGG,V,AVG,ACG,KTR
ATG,M,2,I,ACT,ATA ATC ATT,H,ATH,ATT,ATK,ATG,T,T,ATT,I,MI,ATG ATT,ATT,T,ATT,T,I
ATT,I,0,LFV,CGT,CTT GTT TTT,B,BTT,CTT GTT TTT,BTT,,CGT,B,BTT,LVF,VFL,CTT GTT TTT,CTT GTT TTT,B,BTT,CGT,LVF
ATT,I,1,NST,ACG,AAT ACT AGT,V,AVT,AAT ACT AGT,AVT,,ACG,V,AVT,NTS,NTS,AAT ACT AGT,AAT ACT AGT,V,AVT,ACG,NTS
ATT,I,2,M,G,ATG,G,ATG,ATG,ATR,ATA,G,G,ATG,M,MI,ATA ATG,ATG,G,ATG,G,M
CAA,Q,0,*EK,AGT,AAA GAA TAA,D,DAA,AAA GAA TAA,DAA,,AGT,D,DAA,KE*,K*E,AAA GAA TAA,AAA GAA,R,RAA,AG,KE
CAA,Q,1,RLP,CGT,CCA CGA CTA,B,CBA,CCA CGA CTA,CBA,,CGT,B,CBA,PRL,RLP,CCA CGA CTA,CCA CGA CTA,B,CBA,CGT,PRL
CAA,Q,2,H,CT,CAC CAT,Y,CAY,CAT,CAK,CAG,T,T,CAT,H,QH,CAG CAT,CAT,T,CAT,T,H
CAC,H,0,NDY,AGT,AAC GAC TAC,D,DAC,AAC GAC TAC,DAC,,AGT,D,DAC,NDY,NDY,AAC GAC TAC,AAC GAC TAC,D,DAC,AGT,NDY
CAC,H,1,RLP,CGT,CCC CGC CTC,B,CBC,CCC CGC CTC,CBC,,CGT,B,CBC,PRL,RLP,CCC CGC CTC,CCC CGC CTC,B,CBC,CGT,PRL
CAC,H,2,Q,AG,CAA CAG,R,CAR,CAA,CAW,CAT,A,A,CAA,Q,QH,CAA CAT,CAA,A,CAA,A,Q
CAG,Q,0,*EK,AGT,AAG GAG TAG,D,DAG,AAG GAG TAG,DAG,,AGT,D,DAG,KE*,K*E,AAG GAG TAG,AAG GAG,R,RAG,AG,KE
CAG,Q,1,RLP,CGT,CCG CGG CTG,B,CBG,CCG CGG CTG,CBG,,CGT,B,CBG,PRL,RLP,CCG CGG CTG,CCG CGG CTG,B,CBG,CGT,PRL
CAG,Q,2,H,CT,CAC CAT,Y,CAY,CAT,CAW,CAA,T,T,CAT,H,QH,CAA CAT,CAT,T,CAT,T,H
CAT,H,0,NDY,AGT,AAT GAT TAT,D,DAT,AAT GAT TAT,DAT,,AGT,D,DAT,NDY,NDY,AAT GAT TAT,AAT GAT TAT,D,DAT,AGT,NDY
CAT,H,1,RLP,CGT,CCT CGT CTT,B,CBT,CCT CGT CTT,CBT,,CGT,B,CBT,PRL,RLP,CCT CGT CTT,CCT CGT CTT,B,CBT,CGT,PRL
CAT,H,2,Q,AG,CAA CAG,R,CAR,CAA,CAM,CAC,A,A,CAA,Q,QH,CAA CAC,CAA,A,CAA,A,Q
CCA,P,0,TSA,AGT,ACA GCA TCA,D,DCA,ACA GCA TCA,DCA,,AGT,D,DCA,TAS,ATS,ACA GCA TCA,ACA GCA TCA,D,DCA,AGT,TAS
CCA,P,1,RQL,AGT,CAA CGA CTA,D,CDA,CAA CGA CTA,CDA,,AGT,D,CDA,QRL,RQL,CAA CGA CTA,CAA CGA CTA,D,CDA,AGT,QRL
CCA,P,2,,,,A,CCA,,CCT,,,,,,P,CCT,,,,,
CCC,P,0,TSA,AGT,ACC GCC TCC,D,DCC,ACC GCC TCC,DCC,,AGT,D,DCC,TAS,ATS,ACC GCC TCC,ACC GCC TCC,D,DCC,AGT,TAS
CCC,P,1,RHL,AGT,CAC CGC CTC,D,CDC,CAC CGC CTC,CDC,,AGT,D,CDC,HRL,RLH,CAC CGC CTC,CAC CGC CTC,D,CDC,AGT,HRL
CCC,P,2,,,,C,CCC,,CCA,,,,,,P,CCA,,,,,
CCG,P,0,TSA,AGT,ACG GCG TCG,D,DCG,ACG GCG TCG,DCG,,AGT,D,DCG,TAS,ATS,ACG GCG TCG,ACG GCG TCG,D,DCG,AGT,TAS
CCG,P,1,RQL,AGT,CAG CGG CTG,D,CDG,CAG CGG CTG,CDG,,AGT,D,CDG,QRL,RQL,CAG CGG CTG,CAG CGG CTG,D,CDG,AGT,QRL
CCG,P,2,,,,G,CCG,,CCA,,,,,,P,CCA,,,,,
CCT,P,0,TSA,AGT,ACT GCT TCT,D,DCT,ACT GCT TCT,DCT,,AGT,D,DCT,TAS,ATS,ACT GCT TCT,ACT GCT TCT,D,DCT,AGT,TAS
CCT,P,1,RHL,AGT,CAT CGT CTT,D,CDT,CAT CGT CTT,CDT,,AGT,D,CDT,HRL,RLH,CAT CGT CTT,CAT CGT CTT,D,CDT,AGT,HRL
CCT,P,2,,,,T,CCT,,CCA,,,,,,P,CCA,,,,,
CGA,R,0,*G,GT,GGA TGA,K,KGA,GGA TGA,DGA,AGA,GT,K,KGA,G*,R*G,AGA GGA TGA,GGA,G,GGA,G,G
CGA,R,1,LQP,ACT,CAA CCA CTA,H,CHA,CAA CCA CTA,CHA,,ACT,H,CHA,QPL,QLP,CAA CCA CTA,CAA CCA CTA,H,CHA,ACT,QPL
CGA,R,2,,,,A,CGA,,CGA,,,,,,R,CGA,,,,,
CGC,R,0,SCG,AGT,AGC GGC TGC,D,DGC,AGC GGC TGC,DGC,,AGT,D,DGC,SGC,CSG,AGC GGC TGC,AGC GGC TGC,D,DGC,AGT,SGC
CGC,R,1,LHP,ACT,CAC CCC CTC,H,CHC,CAC CCC CTC,CHC,,ACT,H,CHC,HPL,LPH,CAC CCC CTC,CAC CCC CTC,H,CHC,ACT,HPL
CGC,R,2,,,,C,CGC,,CGT,,,,,,R,CGT,,,,,
CGG,R,0,WG,GT,GGG TGG,K,KGG,GGG TGG,DGG,AGG,GT,K,KGG,GW,RWG,AGG GGG TGG,GGG TGG,K,KGG,GT,GW
CGG,R,1,LQP,ACT,CAG CCG CTG,H,CHG,CAG CCG CTG,CHG,,ACT,H,CHG,QPL,QLP,CAG CCG CTG,CAG CCG CTG,H,CHG,ACT,QPL
CGG,R,2,,,,G,CGG,,CGG,,,,,,R,CGG,,,,,
CGT,R,0,SCG,AGT,AGT GGT TGT,D,DGT,AGT GGT TGT,DGT,,AGT,D,DGT,SGC,CSG,AGT GGT TGT,AGT GGT TGT,D,DGT,AGT,SGC
CGT,R,1,LHP,ACT,CAT CCT CTT,H,CHT,CAT CCT CTT,CHT,,ACT,H,CHT,HPL,LPH,CAT CCT CTT,CAT CCT CTT,H,CHT,ACT,HPL
CGT,R,2,,,,T,CGT,,CGA,,,,,,R,CGA,,,,,
CTA,L,0,IV,AG,ATA GTA,R,RTA,ATA GTA,DTA,TTA,AG,R,RTA,IV,VLI,ATA GTA TTA,ATA GTA,R,RTA,AG,IV
CTA,L,1,RQP,ACG,CAA CCA CGA,V,CVA,CAA CCA CGA,CVA,,ACG,V,CVA,QPR,RQP,CAA CCA CGA,CAA CCA CGA,V,CVA,ACG,QPR
CTA,L,2,,,,A,CTA,,CTA,,,,,,L,CTA,,,,,
CTC,L,0,FIV,AGT,ATC GTC TTC,D,DTC,ATC GTC TTC,DTC,,AGT,D,DTC,IVF,VFI,ATC GTC TTC,ATC GTC TTC,D,DTC,AGT,IVF
CTC,L,1,RHP,ACG,CAC CCC CGC,V,CVC,CAC CCC CGC,CVC,,ACG,V,CVC,HPR,RPH,CAC CCC CGC,CAC CCC CGC,V,CVC,ACG,HPR
CTC,L,2,,,,C,CTC,,CTA,,,,,,L,CTA,,,,,
CTG,L,0,VM,AG,ATG GTG,R,RTG,ATG GTG,DTG,TTG,AG,R,RTG,MV,MVL,ATG GTG TTG,ATG GTG,R,RTG,AG,MV
CTG,L,1,RQP,ACG,CAG CCG CGG,V,CVG,CAG CCG CGG,CVG,,ACG,V,CVG,QPR,RQP,CAG CCG CGG,CAG CCG CGG,V,CVG,ACG,QPR
CTG,L,2,,,,G,CTG,,CTG,,,,,,L,CTG,,,,,
CTT,L,0,FIV,AGT,ATT GTT TTT,D,DTT,ATT GTT TTT,DTT,,AGT,D,DTT,IVF,VFI,ATT GTT TTT,ATT GTT TTT,D,DTT,AGT,IVF
CTT,L,1,RHP,ACG,CAT CCT CGT,V,CVT,CAT CCT CGT,CVT,,ACG,V,CVT,HPR,RPH,CAT CCT CGT,CAT CCT CGT,V,CVT,ACG,HPR
CTT,L,2,,,,T,CTT,,CTA,,,,,,L,CTA,,,,,
GAA,E,0,*QK,ACT,AAA CAA TAA,H,HAA,AAA CAA TAA,HAA,,ACT,H,HAA,KQ*,K*Q,AAA CAA TAA,AAA CAA,M,MAA,AC,KQ
GAA,E,1,VAG,CGT,GCA GGA GTA,B,GBA,GCA GGA GTA,GBA,,CGT,B,GBA,AGV,AVG,GCA GGA GTA,GCA GGA GTA,B,GBA,CGT,AGV
GAA,E,2,D,CT,GAC GAT,Y,GAY,GAT,GAK,GAG,T,T,GAT,D,DE,GAG GAT,GAT,T,GAT,T,D
GAC,D,0,NHY,ACT,AAC CAC TAC,H,HAC,AAC CAC TAC,HAC,,ACT,H,HAC,NHY,NYH,AAC CAC TAC,AAC CAC TAC,H,HAC,ACT,NHY
GAC,D,1,VAG,CGT,GCC GGC GTC,B,GBC,GCC GGC GTC,GBC,,CGT,B,GBC,AGV,AVG,GCC GGC GTC,GCC GGC GTC,B,GBC,CGT,AGV
GAC,D,2,E,AG,GAA GAG,R,GAR,GAA,GAW,GAT,A,A,GAA,E,DE,GAA GAT,GAA,A,GAA,A,E
GAG,E,0,*QK,ACT,AAG CAG TAG,H,HAG,AAG CAG TAG,HAG,,ACT,H,HAG,KQ*,K*Q,AAG CAG TAG,AAG CAG,M,MAG,AC,KQ
GAG,E,1,VAG,CGT,GCG GGG GTG,B,GBG,GCG GGG GTG,GBG,,CGT,B,GBG,AGV,AVG,GCG GGG GTG,GCG GGG GTG,B,GBG,CGT,AGV
GAG,E,2,D,CT,GAC GAT,Y,GAY,GAT,GAW,GAA,T,T,GAT,D,DE,GAA GAT,GAT,T,GAT,T,D
GAT,D,0,NHY,ACT,AAT CAT TAT,H,HAT,AAT CAT TAT,HAT,,ACT,H,HAT,NHY,NYH,AAT CAT TAT,AAT CAT TAT,H,HAT,ACT,NHY
GAT,D,1,VAG,CGT,GCT GGT GTT,B,GBT,GCT GGT GTT,GBT,,CGT,B,GBT,AGV,AVG,GCT GGT GTT,GCT GGT GTT,B,GBT,CGT,AGV
GAT,D,2,E,AG,GAA GAG,R,GAR,GAA,GAM,GAC,A,A,GAA,E,DE,GAA GAC,GAA,A,GAA,A,E
GCA,A,0,TSP,ACT,ACA CCA TCA,H,HCA,ACA CCA TCA,HCA,,ACT,H,HCA,TPS,STP,ACA CCA TCA,ACA CCA TCA,H,HCA,ACT,TPS
GCA,A,1,GVE,AGT,GAA GGA GTA,D,GDA,GAA GGA GTA,GDA,,AGT,D,GDA,EGV,VGE,GAA GGA GTA,GAA GGA GTA,D,GDA,AGT,EGV
GCA,A,2,,,,A,GCA,,GCT,,,,,,A,GCT,,,,,
GCC,A,0,TSP,ACT,ACC CCC TCC,H,HCC,ACC CCC TCC,HCC,,ACT,H,HCC,TPS,STP,ACC CCC TCC,ACC CCC TCC,H,HCC,ACT,TPS
GCC,A,1,VDG,AGT,GAC GGC GTC,D,GDC,GAC GGC GTC,GDC,,AGT,D,GDC,DGV,VDG,GAC GGC GTC,GAC GGC GTC,D,GDC,AGT,DGV
GCC,A,2,,,,C,GCC,,GCT,,,,,,A,GCT,,,,,
GCG,A,0,TSP,ACT,ACG CCG TCG,H,HCG,ACG CCG TCG,HCG,,ACT,H,HCG,TPS,STP,ACG CCG TCG,ACG CCG TCG,H,HCG,ACT,TPS
GCG,A,1,GVE,AGT,GAG GGG GTG,D,GDG,GAG GGG GTG,GDG,,AGT,D,GDG,EGV,VGE,GAG GGG GTG,GAG GGG GTG,D,GDG,AGT,EGV
GCG,A,2,,,,G,GCG,,GCT,,,,,,A,GCT,,,,,
GCT,A,0,TSP,ACT,ACT CCT TCT,H,HCT,ACT CCT TCT,HCT,,ACT,H,HCT,TPS,STP,ACT CCT TCT,ACT CCT TCT,H,HCT,ACT,TPS
GCT,A,1,VDG,AGT,GAT GGT GTT,D,GDT,GAT GGT GTT,GDT,,AGT,D,GDT,DGV,VDG,GAT GGT GTT,GAT GGT GTT,D,GDT,AGT,DGV
GCT,A,2,,,,T,GCT,,GCA,,,,,,A,GCA,,,,,
GGA,G,0,R*,ACT,AGA CGA TGA,H,HGA,AGA TGA,HGA,,AT,W,WGA,R*,R*,AGA CGA TGA,AGA,A,AGA,A,R
GGA,G,1,VAE,ACT,GAA GCA GTA,H,GHA,GAA GCA GTA,GHA,,ACT,H,GHA,EAV,AVE,GAA GCA GTA,GAA GCA GTA,H,GHA,ACT,EAV
GGA,G,2,,,,A,GGA,,GGT,,,,,,G,GGT,,,,,
GGC,G,0,RSC,ACT,AGC CGC TGC,H,HGC,AGC CGC TGC,HGC,,ACT,H,HGC,SRC,RCS,AGC CGC TGC,AGC CGC TGC,H,HGC,ACT,SRC
GGC,G,1,ADV,ACT,GAC GCC GTC,H,GHC,GAC GCC GTC,GHC,,ACT,H,GHC,DAV,ADV,GAC GCC GTC,GAC GCC GTC,H,GHC,ACT,DAV
GGC,G,2,,,,C,GGC,,GGT,,,,,,G,GGT,,,,,
GGG,G,0,RW,ACT,AGG CGG TGG,H,HGG,AGG TGG,HGG,,AT,W,WGG,RW,RW,AGG CGG TGG,AGG TGG,W,WGG,AT,RW
GGG,G,1,VAE,ACT,GAG GCG GTG,H,GHG,GAG GCG GTG,GHG,,ACT,H,GHG,EAV,AVE,GAG GCG GTG,GAG GCG GTG,H,GHG,ACT,EAV
GGG,G,2,,,,G,GGG,,GGT,,,,,,G,GGT,,,,,
GGT,G,0,RSC,ACT,AGT CGT TGT,H,HGT,AGT CGT TGT,HGT,,ACT,H,HGT,SRC,RCS,AGT CGT TGT,AGT CGT TGT,H,HGT,ACT,SRC
GGT,G,1,ADV,ACT,GAT GCT GTT,H,GHT,GAT GCT GTT,GHT,,ACT,H,GHT,DAV,ADV,GAT GCT GTT,GAT GCT GTT,H,GHT,ACT,DAV
GGT,G,2,,,,T,GGT,,GGA,,,,,,G,GGA,,,,,
GTA,V,0,LI,ACT,ATA CTA TTA,H,HTA,ATA TTA,HTA,,AT,W,WTA,IL,LI,ATA CTA TTA,ATA TTA,W,WTA,AT,IL
GTA,V,1,GAE,ACG,GAA GCA GGA,V,GVA,GAA GCA GGA,GVA,,ACG,V,GVA,EAG,AGE,GAA GCA GGA,GAA GCA GGA,V,GVA,ACG,EAG
GTA,V,2,,,,A,GTA,,GTT,,,,,,V,GTT,,,,,
GTC,V,0,LFI,ACT,ATC CTC TTC,H,HTC,ATC CTC TTC,HTC,,ACT,H,HTC,ILF,FLI,ATC CTC TTC,ATC CTC TTC,H,HTC,ACT,ILF
GTC,V,1,ADG,ACG,GAC GCC GGC,V,GVC,GAC GCC GGC,GVC,,ACG,V,GVC,DAG,ADG,GAC GCC GGC,GAC GCC GGC,V,GVC,ACG,DAG
GTC,V,2,,,,C,GTC,,GTT,,,,,,V,GTT,,,,,
GTG,V,0,LM,ACT,ATG CTG TTG,H,HTG,ATG TTG,HTG,,AT,W,WTG,ML,ML,ATG CTG TTG,ATG TTG,W,WTG,AT,ML
GTG,V,1,GAE,ACG,GAG GCG GGG,V,GVG,GAG GCG GGG,GVG,,ACG,V,GVG,EAG,AGE,GAG GCG GGG,GAG GCG GGG,V,GVG,ACG,EAG
GTG,V,2,,,,G,GTG,,GTT,,,,,,V,GTT,,,,,
GTT,V,0,LFI,ACT,ATT CTT TTT,H,HTT,ATT CTT TTT,HTT,,ACT,H,HTT,ILF,FLI,ATT CTT TTT,ATT CTT TTT,H,HTT,ACT,ILF
GTT,V,1,ADG,ACG,GAT GCT GGT,V,GVT,GAT GCT GGT,GVT,,ACG,V,GVT,DAG,ADG,GAT GCT GGT,GAT GCT GGT,V,GVT,ACG,DAG
GTT,V,2,,,,T,GTT,,GTA,,,,,,V,GTA,,,,,
TAA,*,0,QEK,ACG,AAA CAA GAA,V,VAA,AAA CAA GAA,VAA,,ACG,V,VAA,KQE,KQE,AAA CAA GAA,AAA CAA GAA,V,VAA,ACG,KQE
TAA,*,1,LS,CT,TCA TTA,Y,TYA,TCA TTA,TYA,,CT,Y,TYA,SL,LS,TCA TTA,TCA TTA,Y,TYA,CT,SL
TAA,*,2,Y,CT,TAC TAT,Y,TAY,TAT,TAK,TAG,T,T,TAT,Y,*Y,TAG TAT,TAT,T,TAT,T,Y
TAC,Y,0,NHD,ACG,AAC CAC GAC,V,VAC,AAC CAC GAC,VAC,,ACG,V,VAC,NHD,NDH,AAC CAC GAC,AAC CAC GAC,V,VAC,ACG,NHD
TAC,Y,1,SFC,CGT,TCC TGC TTC,B,TBC,TCC TGC TTC,TBC,,CGT,B,TBC,SCF,CSF,TCC TGC TTC,TCC TGC TTC,B,TBC,CGT,SCF
TAC,Y,2,*,AG,TAA TAG,R,TAR,TAA,TAW,TAT,A,A,TAA,*,*Y,TAA TAT,,,,,
TAG,*,0,QEK,ACG,AAG CAG GAG,V,VAG,AAG CAG GAG,VAG,,ACG,V,VAG,KQE,KQE,AAG CAG GAG,AAG CAG GAG,V,VAG,ACG,KQE
TAG,*,1,LSW,CGT,TCG TGG TTG,B,TBG,TCG TGG TTG,TBG,,CGT,B,TBG,SWL,WLS,TCG TGG TTG,TCG TGG TTG,B,TBG,CGT,SWL
TAG,*,2,Y,CT,TAC TAT,Y,TAY,TAT,TAW,TAA,T,T,TAT,Y,*Y,TAA TAT,TAT,T,TAT,T,Y
TAT,Y,0,NHD,ACG,AAT CAT GAT,V,VAT,AAT CAT GAT,VAT,,ACG,V,VAT,NHD,NDH,AAT CAT GAT,AAT CAT GAT,V,VAT,ACG,NHD
TAT,Y,1,SFC,CGT,TCT TGT TTT,B,TBT,TCT TGT TTT,TBT,,CGT,B,TBT,SCF,CSF,TCT TGT TTT,TCT TGT TTT,B,TBT,CGT,SCF
TAT,Y,2,*,AG,TAA TAG,R,TAR,TAA,TAM,TAC,A,A,TAA,*,*Y,TAA TAC,,,,,
TCA,S,0,TAP,ACG,ACA CCA GCA,V,VCA,ACA CCA GCA,VCA,,ACG,V,VCA,TPA,ATP,ACA CCA GCA,ACA CCA GCA,V,VCA,ACG,TPA
TCA,S,1,L*,AGT,TAA TGA TTA,D,TDA,TAA TTA,TDA,,AT,W,TWA,*L,*L,TAA TGA TTA,TTA,T,TTA,T,L
TCA,S,2,,,,A,TCA,,TCT,,,,,,S,TCT,,,,,
TCC,S,0,TAP,ACG,ACC CCC GCC,V,VCC,ACC CCC GCC,VCC,,ACG,V,VCC,TPA,ATP,ACC CCC GCC,ACC CCC GCC,V,VCC,ACG,TPA
TCC,S,1,FCY,AGT,TAC TGC TTC,D,TDC,TAC TGC TTC,TDC,,AGT,D,TDC,YCF,CYF,TAC TGC TTC,TAC TGC TTC,D,TDC,AGT,YCF
TCC,S,2,,,,C,TCC,,TCT,,,,,,S,TCT,,,,,
TCG,S,0,TAP,ACG,ACG CCG GCG,V,VCG,ACG CCG GCG,VCG,,ACG,V,VCG,TPA,ATP,ACG CCG GCG,ACG CCG GCG,V,VCG,ACG,TPA
TCG,S,1,L*W,AGT,TAG TGG TTG,D,TDG,TAG TGG TTG,TDG,,AGT,D,TDG,*WL,W*L,TAG TGG TTG,TGG TTG,K,TKG,GT,WL
TCG,S,2,,,,G,TCG,,TCT,,,,,,S,TCT,,,,,
TCT,S,0,TAP,ACG,ACT CCT GCT,V,VCT,ACT CCT GCT,VCT,,ACG,V,VCT,TPA,ATP,ACT CCT GCT,ACT CCT GCT,V,VCT,ACG,TPA
TCT,S,1,FCY,AGT,TAT TGT TTT,D,TDT,TAT TGT TTT,TDT,,AGT,D,TDT,YCF,CYF,TAT TGT TTT,TAT TGT TTT,D,TDT,AGT,YCF
TCT,S,2,,,,T,TCT,,TCA,,,,,,S,TCA,,,,,
TGA,*,0,RG,ACG,AGA CGA GGA,V,VGA,AGA GGA,VGA,,AG,R,RGA,RG,RG,AGA CGA GGA,AGA GGA,R,RGA,AG,RG
TGA,*,1,LS,CT,TCA TTA,Y,TYA,TCA TTA,THA,TAA,CT,Y,TYA,SL,L*S,TAA TCA TTA,TCA TTA,Y,TYA,CT,SL
TGA,*,2,CW,CGT,TGC TGG TGT,B,TGB,TGT TGG,TGB,,TG,K,TGK,CW,WC,TGC TGG TGT,TGT TGG,K,TGK,TG,CW
TGC,C,0,RSG,ACG,AGC CGC GGC,V,VGC,CGC GGC,VGC,,CG,S,SGC,RG,RSG,AGC CGC GGC,CGC GGC,S,SGC,CG,RG
TGC,C,1,SFY,ACT,TAC TCC TTC,H,THC,TAC TCC TTC,THC,,ACT,H,THC,YSF,FSY,TAC TCC TTC,TAC TCC TTC,H,THC,ACT,YSF
TGC,C,2,*W,AG,TGA TGG,R,TGR,TGA TGG,TGD,TGT,AG,R,TGR,*W,W*C,TGA TGG TGT,TGG,G,TGG,G,W
TGG,W,0,RG,ACG,AGG CGG GGG,V,VGG,AGG GGG,VGG,,AG,R,RGG,RG,RG,AGG CGG GGG,AGG GGG,R,RGG,AG,RG
TGG,W,1,L*S,ACT,TAG TCG TTG,H,THG,TAG TCG TTG,THG,,ACT,H,THG,*SL,L*S,TAG TCG TTG,TCG TTG,Y,TYG,CT,SL
TGG,W,2,*C,ACT,TGA TGC TGT,H,TGH,TGA TGC,TGV,TGG,AC,M,TGM,*C,W*C,TGA TGC TGG,TGC,C,TGC,C,C
TGT,C,0,RSG,ACG,AGT CGT GGT,V,VGT,CGT GGT,VGT,,CG,S,SGT,RG,RSG,AGT CGT GGT,CGT GGT,S,SGT,CG,RG
TGT,C,1,SFY,ACT,TAT TCT TTT,H,THT,TAT TCT TTT,THT,,ACT,H,THT,YSF,FSY,TAT TCT TTT,TAT TCT TTT,H,THT,ACT,YSF
TGT,C,2,*W,AG,TGA TGG,R,TGR,TGA TGG,TGV,TGC,AG,R,TGR,*W,W*C,TGA TGC TGG,TGG,G,TGG,G,W
TTA,L,0,IV,AG,ATA GTA,R,RTA,ATA GTA,RTA,,AG,R,RTA,IV,VI,ATA GTA,ATA GTA,R,RTA,AG,IV
TTA,L,1,*S,ACG,TAA TCA TGA,V,TVA,TAA TCA,TVA,,AC,M,TMA,*S,*S,TAA TCA TGA,TCA,C,TCA,C,S
TTA,L,2,F,CT,TTC TTT,Y,TTY,TTT,TTK,TTG,T,T,TTT,F,FL,TTG TTT,TTT,T,TTT,T,F
TTC,F,0,LIV,ACG,ATC CTC GTC,V,VTC,ATC GTC,VTC,,AG,R,RTC,IV,VLI,ATC CTC GTC,ATC GTC,R,RTC,AG,IV
TTC,F,1,SCY,ACG,TAC TCC TGC,V,TVC,TAC TCC TGC,TVC,,ACG,V,TVC,YSC,CSY,TAC TCC TGC,TAC TCC TGC,V,TVC,ACG,YSC
TTC,F,2,L,AG,TTA TTG,R,TTR,TTG,TTK,TTT,G,G,TTG,L,FL,TTG TTT,TTG,G,TTG,G,L
TTG,L,0,VM,AG,ATG GTG,R,RTG,ATG GTG,RTG,,AG,R,RTG,MV,MV,ATG GTG,ATG GTG,R,RTG,AG,MV
TTG,L,1,*SW,ACG,TAG TCG TGG,V,TVG,TAG TCG TGG,TVG,,ACG,V,TVG,*SW,W*S,TAG TCG TGG,TCG TGG,S,TSG,CG,SW
TTG,L,2,F,CT,TTC TTT,Y,TTY,TTT,TTW,TTA,T,T,TTT,F,FL,TTA TTT,TTT,T,TTT,T,F
TTT,F,0,LIV,ACG,ATT CTT GTT,V,VTT,ATT GTT,VTT,,AG,R,RTT,IV,VLI,ATT CTT GTT,ATT GTT,R,RTT,AG,IV
TTT,F,1,SCY,ACG,TAT TCT TGT,V,TVT,TAT TCT TGT,TVT,,ACG,V,TVT,YSC,CSY,TAT TCT TGT,TAT TCT TGT,V,TVT,ACG,YSC
TTT,F,2,L,AG,TTA TTG,R,TTR,TTG,TTS,TTC,G,G,TTG,L,FL,TTC TTG,TTG,G,TTG,G,L
